group,threshold,coverage
Evaluation,0.2,1.0
Evaluation,0.20500000000000002,1.0
Evaluation,0.21000000000000002,1.0
Evaluation,0.21500000000000002,0.99975
Evaluation,0.22,0.99975
Evaluation,0.225,0.99975
Evaluation,0.23,0.9995
Evaluation,0.23500000000000001,0.9995
Evaluation,0.24000000000000002,0.9995
Evaluation,0.245,0.9995
Evaluation,0.25,0.9995
Evaluation,0.255,0.99825
Evaluation,0.26,0.99825
Evaluation,0.265,0.99775
Evaluation,0.27,0.99775
Evaluation,0.275,0.9975
Evaluation,0.28,0.99675
Evaluation,0.28500000000000003,0.99675
Evaluation,0.29000000000000004,0.99575
Evaluation,0.29500000000000004,0.995
Evaluation,0.30000000000000004,0.99425
Evaluation,0.305,0.99325
Evaluation,0.31,0.99275
Evaluation,0.315,0.991
Evaluation,0.32,0.98875
Evaluation,0.325,0.988
Evaluation,0.33,0.988
Evaluation,0.335,0.9815
Evaluation,0.34,0.9815
Evaluation,0.345,0.98075
Evaluation,0.35,0.978
Evaluation,0.355,0.97325
Evaluation,0.36,0.971
Evaluation,0.365,0.96825
Evaluation,0.37,0.9655
Evaluation,0.375,0.964
Evaluation,0.38,0.959
Evaluation,0.385,0.9525
Evaluation,0.39,0.95075
Evaluation,0.395,0.948
Evaluation,0.4,0.948
Evaluation,0.405,0.94025
Evaluation,0.41000000000000003,0.93575
Evaluation,0.41500000000000004,0.9325
Evaluation,0.42000000000000004,0.92425
Evaluation,0.42500000000000004,0.91825
Evaluation,0.43000000000000005,0.91425
Evaluation,0.43500000000000005,0.91025
Evaluation,0.44,0.906
Evaluation,0.445,0.89225
Evaluation,0.45,0.89075
Evaluation,0.455,0.87975
Evaluation,0.46,0.875
Evaluation,0.465,0.8665
Evaluation,0.47000000000000003,0.861
Evaluation,0.47500000000000003,0.847
Evaluation,0.48000000000000004,0.837
Evaluation,0.48500000000000004,0.83125
Evaluation,0.49,0.83075
Evaluation,0.495,0.83075
Evaluation,0.5,0.83075
Evaluation,0.505,0.7725
Evaluation,0.51,0.7725
Evaluation,0.515,0.772
Evaluation,0.52,0.7635
Evaluation,0.525,0.743
Evaluation,0.53,0.72125
Evaluation,0.535,0.71525
Evaluation,0.54,0.69175
Evaluation,0.545,0.6855
Evaluation,0.55,0.67125
Evaluation,0.5549999999999999,0.66275
Evaluation,0.56,0.63725
Evaluation,0.565,0.626
Evaluation,0.5700000000000001,0.6115
Evaluation,0.575,0.58825
Evaluation,0.5800000000000001,0.5685
Evaluation,0.585,0.55
Evaluation,0.5900000000000001,0.54325
Evaluation,0.595,0.523
Evaluation,0.6000000000000001,0.482
Evaluation,0.605,0.482
Evaluation,0.6100000000000001,0.463
Evaluation,0.615,0.45675
Evaluation,0.62,0.416
Evaluation,0.625,0.413
Evaluation,0.63,0.3745
Evaluation,0.635,0.36625
Evaluation,0.64,0.3515
Evaluation,0.645,0.306
Evaluation,0.65,0.3005
Evaluation,0.655,0.2645
Evaluation,0.66,0.25375
Evaluation,0.665,0.25375
Evaluation,0.67,0.19575
Evaluation,0.675,0.19575
Evaluation,0.6799999999999999,0.1905
Evaluation,0.685,0.15925
Evaluation,0.69,0.1565
Evaluation,0.6950000000000001,0.14675
Evaluation,0.7,0.13775
Evaluation,0.7050000000000001,0.12775
Evaluation,0.71,0.119
Evaluation,0.7150000000000001,0.10975
Evaluation,0.72,0.1095
Evaluation,0.7250000000000001,0.104
Evaluation,0.73,0.09475
Evaluation,0.7350000000000001,0.0925
Evaluation,0.74,0.0825
Evaluation,0.7450000000000001,0.08225
Evaluation,0.75,0.08225
Evaluation,0.7550000000000001,0.07125
Evaluation,0.76,0.071
Evaluation,0.7650000000000001,0.0655
Evaluation,0.77,0.064
Evaluation,0.7750000000000001,0.062
Evaluation,0.78,0.05925
Evaluation,0.7849999999999999,0.0585
Evaluation,0.79,0.05425
Evaluation,0.7949999999999999,0.05375
Evaluation,0.8,0.05375
Evaluation,0.8049999999999999,0.051
Evaluation,0.81,0.04975
Evaluation,0.815,0.04925
Evaluation,0.8200000000000001,0.0485
Evaluation,0.825,0.04825
Evaluation,0.8300000000000001,0.048
Evaluation,0.835,0.0465
Evaluation,0.8400000000000001,0.0465
Evaluation,0.845,0.0455
Evaluation,0.8500000000000001,0.04375
Evaluation,0.855,0.0435
Evaluation,0.8600000000000001,0.0415
Evaluation,0.865,0.041
Evaluation,0.8700000000000001,0.04075
Evaluation,0.875,0.04075
Evaluation,0.8800000000000001,0.03875
Evaluation,0.885,0.0385
Evaluation,0.8900000000000001,0.03825
Evaluation,0.895,0.03725
Evaluation,0.9000000000000001,0.03675
Evaluation,0.905,0.03675
Evaluation,0.9099999999999999,0.03625
Evaluation,0.915,0.03625
Evaluation,0.9199999999999999,0.03625
Evaluation,0.925,0.03575
Evaluation,0.9299999999999999,0.0355
Evaluation,0.935,0.03525
Evaluation,0.94,0.03525
Evaluation,0.9450000000000001,0.035
Evaluation,0.95,0.03475
Candidates,0.2,1.0
Candidates,0.20500000000000002,1.0
Candidates,0.21000000000000002,1.0
Candidates,0.21500000000000002,1.0
Candidates,0.22,1.0
Candidates,0.225,1.0
Candidates,0.23,1.0
Candidates,0.23500000000000001,1.0
Candidates,0.24000000000000002,1.0
Candidates,0.245,1.0
Candidates,0.25,1.0
Candidates,0.255,1.0
Candidates,0.26,1.0
Candidates,0.265,1.0
Candidates,0.27,1.0
Candidates,0.275,1.0
Candidates,0.28,1.0
Candidates,0.28500000000000003,1.0
Candidates,0.29000000000000004,1.0
Candidates,0.29500000000000004,1.0
Candidates,0.30000000000000004,1.0
Candidates,0.305,1.0
Candidates,0.31,1.0
Candidates,0.315,1.0
Candidates,0.32,0.9871794871794872
Candidates,0.325,0.9871794871794872
Candidates,0.33,0.9871794871794872
Candidates,0.335,0.9871794871794872
Candidates,0.34,0.9871794871794872
Candidates,0.345,0.9871794871794872
Candidates,0.35,0.9871794871794872
Candidates,0.355,0.9871794871794872
Candidates,0.36,0.9871794871794872
Candidates,0.365,0.9871794871794872
Candidates,0.37,0.9871794871794872
Candidates,0.375,0.9871794871794872
Candidates,0.38,0.9871794871794872
Candidates,0.385,0.9871794871794872
Candidates,0.39,0.9871794871794872
Candidates,0.395,0.9871794871794872
Candidates,0.4,0.9871794871794872
Candidates,0.405,0.9743589743589743
Candidates,0.41000000000000003,0.9487179487179487
Candidates,0.41500000000000004,0.9487179487179487
Candidates,0.42000000000000004,0.9487179487179487
Candidates,0.42500000000000004,0.9487179487179487
Candidates,0.43000000000000005,0.9358974358974359
Candidates,0.43500000000000005,0.9358974358974359
Candidates,0.44,0.9358974358974359
Candidates,0.445,0.9358974358974359
Candidates,0.45,0.9358974358974359
Candidates,0.455,0.9230769230769231
Candidates,0.46,0.9230769230769231
Candidates,0.465,0.9230769230769231
Candidates,0.47000000000000003,0.9230769230769231
Candidates,0.47500000000000003,0.9230769230769231
Candidates,0.48000000000000004,0.9230769230769231
Candidates,0.48500000000000004,0.9230769230769231
Candidates,0.49,0.9230769230769231
Candidates,0.495,0.9230769230769231
Candidates,0.5,0.9230769230769231
Candidates,0.505,0.8333333333333334
Candidates,0.51,0.8333333333333334
Candidates,0.515,0.8333333333333334
Candidates,0.52,0.8333333333333334
Candidates,0.525,0.8333333333333334
Candidates,0.53,0.8333333333333334
Candidates,0.535,0.8333333333333334
Candidates,0.54,0.8076923076923077
Candidates,0.545,0.7948717948717948
Candidates,0.55,0.7948717948717948
Candidates,0.5549999999999999,0.7948717948717948
Candidates,0.56,0.7692307692307693
Candidates,0.565,0.7692307692307693
Candidates,0.5700000000000001,0.7564102564102564
Candidates,0.575,0.7435897435897436
Candidates,0.5800000000000001,0.717948717948718
Candidates,0.585,0.6666666666666666
Candidates,0.5900000000000001,0.6666666666666666
Candidates,0.595,0.6410256410256411
Candidates,0.6000000000000001,0.5769230769230769
Candidates,0.605,0.5769230769230769
Candidates,0.6100000000000001,0.5769230769230769
Candidates,0.615,0.5641025641025641
Candidates,0.62,0.5128205128205128
Candidates,0.625,0.5128205128205128
Candidates,0.63,0.5128205128205128
Candidates,0.635,0.47435897435897434
Candidates,0.64,0.44871794871794873
Candidates,0.645,0.44871794871794873
Candidates,0.65,0.44871794871794873
Candidates,0.655,0.4358974358974359
Candidates,0.66,0.4358974358974359
Candidates,0.665,0.4358974358974359
Candidates,0.67,0.41025641025641024
Candidates,0.675,0.41025641025641024
Candidates,0.6799999999999999,0.41025641025641024
Candidates,0.685,0.41025641025641024
Candidates,0.69,0.41025641025641024
Candidates,0.6950000000000001,0.41025641025641024
Candidates,0.7,0.41025641025641024
Candidates,0.7050000000000001,0.3717948717948718
Candidates,0.71,0.3717948717948718
Candidates,0.7150000000000001,0.3333333333333333
Candidates,0.72,0.3333333333333333
Candidates,0.7250000000000001,0.3333333333333333
Candidates,0.73,0.3333333333333333
Candidates,0.7350000000000001,0.3076923076923077
Candidates,0.74,0.3076923076923077
Candidates,0.7450000000000001,0.3076923076923077
Candidates,0.75,0.3076923076923077
Candidates,0.7550000000000001,0.28205128205128205
Candidates,0.76,0.28205128205128205
Candidates,0.7650000000000001,0.2692307692307692
Candidates,0.77,0.2692307692307692
Candidates,0.7750000000000001,0.2692307692307692
Candidates,0.78,0.2692307692307692
Candidates,0.7849999999999999,0.2692307692307692
Candidates,0.79,0.2564102564102564
Candidates,0.7949999999999999,0.2564102564102564
Candidates,0.8,0.2564102564102564
Candidates,0.8049999999999999,0.24358974358974358
Candidates,0.81,0.24358974358974358
Candidates,0.815,0.24358974358974358
Candidates,0.8200000000000001,0.24358974358974358
Candidates,0.825,0.23076923076923078
Candidates,0.8300000000000001,0.23076923076923078
Candidates,0.835,0.21794871794871795
Candidates,0.8400000000000001,0.21794871794871795
Candidates,0.845,0.20512820512820512
Candidates,0.8500000000000001,0.19230769230769232
Candidates,0.855,0.19230769230769232
Candidates,0.8600000000000001,0.19230769230769232
Candidates,0.865,0.19230769230769232
Candidates,0.8700000000000001,0.19230769230769232
Candidates,0.875,0.19230769230769232
Candidates,0.8800000000000001,0.19230769230769232
Candidates,0.885,0.19230769230769232
Candidates,0.8900000000000001,0.1794871794871795
Candidates,0.895,0.1794871794871795
Candidates,0.9000000000000001,0.1794871794871795
Candidates,0.905,0.1794871794871795
Candidates,0.9099999999999999,0.16666666666666666
Candidates,0.915,0.16666666666666666
Candidates,0.9199999999999999,0.16666666666666666
Candidates,0.925,0.15384615384615385
Candidates,0.9299999999999999,0.15384615384615385
Candidates,0.935,0.15384615384615385
Candidates,0.94,0.15384615384615385
Candidates,0.9450000000000001,0.15384615384615385
Candidates,0.95,0.15384615384615385
