domain_index,label,canonical_smiles,atom_index,element,charge_correction_norm,local_dipole_norm,total_correction_norm
37232,Cyclic carbonate,COC1COC(=O)OC1,0,C,0.10851005890509102,0.15078870001805797,0.05516006465330897
37232,Cyclic carbonate,COC1COC(=O)OC1,1,O,0.09859930060811811,0.12791562788853436,0.15396205904425106
37232,Cyclic carbonate,COC1COC(=O)OC1,2,C,0.013533404801746942,0.23075352529911883,0.2358924881507154
37232,Cyclic carbonate,COC1COC(=O)OC1,3,C,0.014247749347153652,0.13990256733930234,0.12986201372246495
37232,Cyclic carbonate,COC1COC(=O)OC1,4,O,0.23649193642067529,0.03576303632141617,0.2692188434210268
37232,Cyclic carbonate,COC1COC(=O)OC1,5,C,0.21953796541539003,0.6952371397159212,0.9144620833664355
37232,Cyclic carbonate,COC1COC(=O)OC1,6,O,0.8880787508945251,0.06339100714798311,0.9490499327842246
37232,Cyclic carbonate,COC1COC(=O)OC1,7,O,0.23787414224917486,0.05330121482130112,0.2600028467218853
37232,Cyclic carbonate,COC1COC(=O)OC1,8,C,0.025701819548295174,0.1259683557050766,0.10085441352404442
37232,Cyclic carbonate,COC1COC(=O)OC1,9,H,0.2014438983595147,0.12568962152498267,0.3156895309376094
37232,Cyclic carbonate,COC1COC(=O)OC1,10,H,0.14027953500433787,0.07430771395677672,0.1801749701088578
37232,Cyclic carbonate,COC1COC(=O)OC1,11,H,0.170915145455638,0.11036574999982464,0.2783894555323859
37232,Cyclic carbonate,COC1COC(=O)OC1,12,H,0.002078458723381038,0.21968260168387807,0.2213266131372687
37232,Cyclic carbonate,COC1COC(=O)OC1,13,H,0.07217298885139005,0.2076009893951088,0.2724300714562775
37232,Cyclic carbonate,COC1COC(=O)OC1,14,H,0.07196257814278176,0.21257061962923018,0.27616855525502654
37232,Cyclic carbonate,COC1COC(=O)OC1,15,H,0.07997631267088685,0.2614731548287896,0.33869240832251407
37232,Cyclic carbonate,COC1COC(=O)OC1,16,H,0.07853161031431569,0.25536765340955814,0.33144485518730876
37290,Cyclic sulfone,COC1CS(=O)(=O)CC1O,0,C,0.10527917669860745,0.10000793539525293,0.08716351951431166
37290,Cyclic sulfone,COC1CS(=O)(=O)CC1O,1,O,0.05089261387061427,0.5029465237728351,0.47539137001864445
37290,Cyclic sulfone,COC1CS(=O)(=O)CC1O,2,C,0.04422934129755344,0.9172983158097907,0.9506509391067409
37290,Cyclic sulfone,COC1CS(=O)(=O)CC1O,3,C,0.03921449482031127,0.3694009531178456,0.40422612788952655
37290,Cyclic sulfone,COC1CS(=O)(=O)CC1O,4,S,0.03185651415712399,0.05517904221783148,0.058649676965585866
37290,Cyclic sulfone,COC1CS(=O)(=O)CC1O,5,O,0.7233066716718235,0.2310350371437933,0.9330571636207727
37290,Cyclic sulfone,COC1CS(=O)(=O)CC1O,6,O,0.9039124176115132,0.19696134025943185,1.0725456743529276
37290,Cyclic sulfone,COC1CS(=O)(=O)CC1O,7,C,0.01803821979396031,0.3983800732981157,0.4162652385267596
37290,Cyclic sulfone,COC1CS(=O)(=O)CC1O,8,C,0.0638227738759697,0.8209134531479969,0.8457483786630543
37290,Cyclic sulfone,COC1CS(=O)(=O)CC1O,9,O,0.17945377659101416,0.12909526899769877,0.280102307337662
37290,Cyclic sulfone,COC1CS(=O)(=O)CC1O,10,H,0.21594266233804524,0.08809393823772786,0.29313346625136066
37290,Cyclic sulfone,COC1CS(=O)(=O)CC1O,11,H,0.2758881907219335,0.24105226215377729,0.5010564725599452
37290,Cyclic sulfone,COC1CS(=O)(=O)CC1O,12,H,0.15713107122596154,0.2508838640200678,0.3730490867904298
37290,Cyclic sulfone,COC1CS(=O)(=O)CC1O,13,H,0.04194799545213406,0.25769654556585175,0.2977708201103465
37290,Cyclic sulfone,COC1CS(=O)(=O)CC1O,14,H,0.07139774966228427,0.3145140915399214,0.38394813375001713
37290,Cyclic sulfone,COC1CS(=O)(=O)CC1O,15,H,0.07416880450134644,0.3334358319751091,0.4071448652322342
37290,Cyclic sulfone,COC1CS(=O)(=O)CC1O,16,H,0.07677967119398037,0.3025970869221547,0.34951351922800206
37290,Cyclic sulfone,COC1CS(=O)(=O)CC1O,17,H,0.07028776567145881,0.3108314817605036,0.3497697578075123
37290,Cyclic sulfone,COC1CS(=O)(=O)CC1O,18,H,0.056960156747488055,0.2177977459883224,0.2514314796499509
37290,Cyclic sulfone,COC1CS(=O)(=O)CC1O,19,H,0.22383565575478392,0.7342159773786515,0.7821044934080049
48041,Fluorinated nitrile,N#CC1CCN1F,0,N,0.8917641808204461,0.303831696502161,1.1689111064477182
48041,Fluorinated nitrile,N#CC1CCN1F,1,C,0.12816926761251468,0.21135815794075571,0.25879288076401386
48041,Fluorinated nitrile,N#CC1CCN1F,2,C,0.031936773846147494,0.3834733884772484,0.3739993445891494
48041,Fluorinated nitrile,N#CC1CCN1F,3,C,0.07068450696500357,0.48039566857329236,0.548417097583456
48041,Fluorinated nitrile,N#CC1CCN1F,4,C,0.07094653032638264,0.3836855578209246,0.4472419598327128
48041,Fluorinated nitrile,N#CC1CCN1F,5,N,0.039279673287739646,0.1959721465962813,0.22711461132632796
48041,Fluorinated nitrile,N#CC1CCN1F,6,F,0.2024158843400413,0.11666342597266624,0.13550283358075732
48041,Fluorinated nitrile,N#CC1CCN1F,7,H,0.13549487264246324,0.13066331709883808,0.23687077382729377
48041,Fluorinated nitrile,N#CC1CCN1F,8,H,0.1415003241379028,0.17914521107718087,0.30551594775737045
48041,Fluorinated nitrile,N#CC1CCN1F,9,H,0.1430980099974125,0.05722457270524814,0.17208658177610736
48041,Fluorinated nitrile,N#CC1CCN1F,10,H,0.14622038361814071,0.22370399971191626,0.36631464425521704
48041,Fluorinated nitrile,N#CC1CCN1F,11,H,0.11226422295792823,0.24468119936786578,0.26023582443850113
