standard_name,canonical_smiles,D_rank_final78,P_rank_final78,qD,qP,pareto
乙二醇二丁醚（EGBE）,CCCCOCCOCCCC,65,1,0.16883116883116883,1.0,True
三乙二醇二甲醚(TRIGLYME),COCCOCCOCCOC,48,2,0.38961038961038963,0.987012987012987,True
三(2，2，2-三氟乙基)磷酸酯(TFEP),O=P(OCC(F)(F)F)(OCC(F)(F)F)OCC(F)(F)F,46,3,0.4155844155844156,0.974025974025974,True
Triethyl phosphate,CCOP(=O)(OCC)OCC,38,4,0.5194805194805194,0.961038961038961,True
"3,3,3-三氟丙基甲基二甲氧基硅（DMOTFS)",CO[Si](C)(CCC(F)(F)F)OC,31,5,0.6103896103896104,0.948051948051948,True
二甲基二乙氧基硅烷（DMS）,CCO[Si](C)(C)OCC,71,6,0.09090909090909091,0.935064935064935,False
(2-氟乙氧基)三甲基硅烷（MFS）,C[Si](C)(C)OCCF,36,7,0.5454545454545454,0.922077922077922,False
二乙二醇二甲醚(DIGLYME),COCCOCCOC,62,8,0.2077922077922078,0.9090909090909091,False
乙二醇二乙醚,CCOCCOCC,69,9,0.11688311688311688,0.8961038961038961,False
"1,4-Dimethoxybutane",COCCCCOC,49,10,0.37662337662337664,0.8831168831168831,False
正丙醚（DPE）,CCCOCCC,63,11,0.19480519480519481,0.8701298701298701,False
Ethyl butyrate,CCCC(=O)OCC,50,12,0.36363636363636365,0.8571428571428571,False
碳酸二乙酯(DEC),CCOC(=O)OCC,75,13,0.03896103896103896,0.8441558441558441,False
乙二醇甲醚二氟乙醚（DMEE）,COCCOCC(F)F,24,14,0.7012987012987013,0.8311688311688312,True
"1,2-Dimethoxypropane",COCC(C)OC,61,15,0.22077922077922077,0.8181818181818182,False
Allyl methyl carbonate,C=CCOC(=O)OC,73,16,0.06493506493506493,0.8051948051948052,False
磷酸三甲酯(TMP),COP(=O)(OC)OC,41,17,0.4805194805194805,0.7922077922077922,False
"N,N-二甲基三氟甲磺酰胺(DMTMSA)",CN(C)S(=O)(=O)C(F)(F)F,4,18,0.961038961038961,0.7792207792207793,True
"1,1,1-三氟-2-(2-甲氧基乙氧基)乙烷（TFEE）",COCCOCC(F)(F)F,25,19,0.6883116883116883,0.7662337662337663,False
Dimethyl methylphosphonate,COP(C)(=O)OC,35,20,0.5584415584415584,0.7532467532467533,False
1，1，2，2-四氟乙基-2，2，3，3-四氟丙基醚（TFE）,FC(F)C(F)(F)COC(F)(F)C(F)F,37,21,0.5324675324675324,0.7402597402597403,False
氟磺酰基二氟乙酸甲酯（MDFSA）,COC(=O)C(F)(F)S(=O)(=O)F,9,22,0.8961038961038961,0.7272727272727273,False
1-Methoxybutane,CCCCOC,68,23,0.12987012987012986,0.7142857142857143,False
1-Methoxy-2-methylpropane,COCC(C)C,67,24,0.14285714285714285,0.7012987012987013,False
六氟苯（HFB）,Fc1c(F)c(F)c(F)c(F)c1F,77,25,0.012987012987012988,0.6883116883116883,False
Methyl butyrate,CCCC(=O)OC,56,26,0.2857142857142857,0.6753246753246753,False
N-Methyl-2-pyrrolidone,CN1CCCC1=O,12,27,0.8571428571428571,0.6623376623376623,False
Methyl tert-butyl ether,COC(C)(C)C,64,28,0.18181818181818182,0.6493506493506493,False
2-Methoxytetrahydrofuran,COC1CCCO1,66,29,0.15584415584415584,0.6363636363636364,False
氟苯(FB),Fc1ccccc1,52,30,0.33766233766233766,0.6233766233766234,False
Glutaronitrile,N#CCCCC#N,13,31,0.8441558441558441,0.6103896103896104,False
Methylsulfonylacetonitrile,CS(=O)(=O)CC#N,10,32,0.8831168831168831,0.5974025974025974,False
Propylene sulfite,CC1COS(=O)O1,18,33,0.7792207792207793,0.5844155844155844,False
2-甲基四氢呋喃(MeTHF),CC1CCCO1,55,34,0.2987012987012987,0.5714285714285714,False
Tetrahydropyran,C1CCOCC1,57,35,0.2727272727272727,0.5584415584415584,False
Methyl ethyl sulfoxide,CCS(C)=O,7,36,0.922077922077922,0.5454545454545454,False
"N,N-Dimethylacetamide",CC(=O)N(C)C,15,37,0.8181818181818182,0.5324675324675324,False
Ethenyl methyl carbonate,C=COC(=O)OC,74,38,0.05194805194805195,0.5194805194805194,False
碳酸甲乙酯(EMC),CCOC(=O)OC,72,39,0.07792207792207792,0.5064935064935064,False
甲基三氟乙基碳酸酯(FEMC),COC(=O)OCC(F)(F)F,34,40,0.5714285714285714,0.4935064935064935,False
乙二醇二甲醚（DME）,COCCOC,70,41,0.1038961038961039,0.4805194805194805,False
Dimethyl sulfite,COS(=O)OC,29,42,0.6363636363636364,0.4675324675324675,False
六氟异丙基甲醚（HFME）,COC(C(F)(F)F)C(F)(F)F,26,43,0.6753246753246753,0.45454545454545453,False
三氟乙酸乙酯(ETFA),CCOC(=O)C(F)(F)F,19,44,0.7662337662337663,0.44155844155844154,False
Ethyl difluoroacetate,CCOC(=O)C(F)F,27,45,0.6623376623376623,0.42857142857142855,False
乙酸乙酯(EA),CCOC(C)=O,44,46,0.44155844155844154,0.4155844155844156,False
三氟丙酸甲酯(MTFP),COC(=O)CC(F)(F)F,33,47,0.5844155844155844,0.4025974025974026,False
3-Methoxypropionitrile,COCCC#N,8,48,0.9090909090909091,0.38961038961038963,False
丙酸甲酯(MP),CCC(=O)OC,51,49,0.35064935064935066,0.37662337662337664,False
丙烯酸甲酯（MA）,C=CC(=O)OC,54,50,0.3116883116883117,0.36363636363636365,False
1，1，2，2-四氟乙基-2，2，2-三氟乙基醚（HFE）,FC(F)C(F)(F)OCC(F)(F)F,45,51,0.42857142857142855,0.35064935064935066,False
碳酸丙烯酯(PC),CC1COC(=O)O1,1,52,1.0,0.33766233766233766,True
"2,2,2-Trifluoroethyl acetate",CC(=O)OCC(F)(F)F,32,53,0.5974025974025974,0.3246753246753247,False
"1,3-Dioxane",C1COCCO1,78,54,0.0,0.3116883116883117,False
Isobutyronitrile,CC(C)C#N,11,55,0.8701298701298701,0.2987012987012987,False
Succinonitrile,N#CCCC#N,43,56,0.45454545454545453,0.2857142857142857,False
Ethylene sulfite,O=S1OCCO1,21,57,0.7402597402597403,0.2727272727272727,False
四氢呋喃(THF),C1CCOC1,47,58,0.4025974025974026,0.2597402597402597,False
Dimethyl sulfoxide,CS(C)=O,6,59,0.935064935064935,0.24675324675324675,False
甲缩醛（DMM),COCOC,60,60,0.23376623376623376,0.23376623376623376,False
"N,N-Dimethylformamide",CN(C)C=O,16,61,0.8051948051948052,0.22077922077922077,False
碳酸二甲酯（DMC）,COC(=O)OC,76,62,0.025974025974025976,0.2077922077922078,False
三氟乙酸甲酯(MTFA),COC(=O)C(F)(F)F,23,63,0.7142857142857143,0.19480519480519481,False
三聚甲醛（TO）,C1OCOCO1,59,64,0.24675324675324675,0.18181818181818182,False
二氟乙酸甲酯（MDFA）,COC(=O)C(F)F,30,65,0.6233766233766234,0.16883116883116883,False
Dimethyl sulfide,CSC,53,66,0.3246753246753247,0.15584415584415584,False
碳酸乙烯酯(EC),O=C1OCCO1,2,67,0.987012987012987,0.14285714285714285,False
Ethyl formate,CCOC=O,39,68,0.5064935064935064,0.12987012987012986,False
Methyl acetate,COC(C)=O,42,69,0.4675324675324675,0.11688311688311688,False
"2,2,2-Trifluoroethyl methyl ether",COCC(F)(F)F,28,70,0.6493506493506493,0.1038961038961039,False
氟代碳酸乙烯酯（FEC）,O=C1OCC(F)O1,3,71,0.974025974025974,0.09090909090909091,False
双氟碳酸乙烯酯(DFEC,O=C1OC(F)C(F)O1,22,72,0.7272727272727273,0.07792207792207792,False
碳酸亚乙烯酯(VC),O=c1occo1,5,73,0.948051948051948,0.06493506493506493,False
"1,3-二氧戊环（DOL）",C1COCO1,58,74,0.2597402597402597,0.05194805194805195,False
Malononitrile,N#CCC#N,17,75,0.7922077922077922,0.03896103896103896,False
Propionitrile,CCC#N,14,76,0.8311688311688312,0.025974025974025976,False
Methyl formate,COC=O,40,77,0.4935064935064935,0.012987012987012988,False
氟乙腈(FAN),N#CCF,20,78,0.7532467532467533,0.0,False
