external_index,source_table,row_index,name,D,P,canonical_smiles,heavy_atoms,mol_wt,pred__cat_rank,pred__cat_raw,pred__lgbm_normal,pred__lgbm_rank,pred__lgbm_raw,pred__xgb_rank,pred__xgb_raw,P_pred__single_lgbm_raw,pred__vector_mu,score__cat_rank,score__cat_raw,score__lgbm_normal,score__lgbm_rank,score__lgbm_raw,score__xgb_rank,score__xgb_raw,score__vector_mu,D_score__final_eight_member,D_rank_desc,P_rank_desc,D_score__recomputed_subset
75,official_train,80,bromobenzene,1.83,91.12,Brc1ccccc1,7,157.01,0.3027657724467492,2.3089474530131664,-0.6590740326739513,0.2323854425220743,2.2340727338156823,0.24798371,-0.44736236,86.18599725546173,2.0776028633117676,0.5307262569832403,0.553072625698324,0.547486033519553,0.4581005586592179,0.5307262569832403,0.4860335195530726,0.547486033519553,0.5977653631284916,0.5369378770949721,80,58,0.5593514285714285
215,official_train,227,2-Propynoic acid,1.754376,39.771333,C#CC(=O)O,5,70.047,0.1712649441395847,1.714279793463627,-1.019228399373529,0.1984543632163538,1.806404002249536,0.17420082,-0.9064293,36.39133324881716,2.080540180206299,0.2346368715083799,0.2625698324022346,0.3240223463687151,0.3407821229050279,0.3575418994413408,0.2737430167597765,0.3575418994413408,0.6033519553072626,0.4375284916201117,95,161,0.4529977142857143
151,official_train,159,(E)-2-Butenenitrile,4.889,54.02891429,C/C=C/C#N,5,67.09100000000001,0.8359265021434688,4.722307868685894,1.1168352989341397,0.8637501387907153,4.892760190495447,0.85372114,2.1114645,52.226492414285275,4.740975856781006,0.9553072625698324,0.9329608938547486,0.9385474860335196,0.9664804469273744,0.9329608938547486,0.988826815642458,0.9385474860335196,0.9162011173184358,0.9469356424581006,8,126,0.9867845714285713
167,official_train,175,Crotonic Acid,2.993,57.87139631,C/C=C/C(=O)O,6,86.08999999999999,0.3230059525322494,2.3209646093195917,-0.4668112404801507,0.3110455818215951,2.280746594964773,0.27570623,-0.45855367,54.96374601929176,1.8985999822616575,0.553072625698324,0.5642458100558659,0.5977653631284916,0.5586592178770949,0.5418994413407822,0.5307262569832403,0.5363128491620112,0.5195530726256983,0.5319378770949721,83,120,0.5624297142857143
155,official_train,163,1-chloro-1-propene(Z),1.844,48.39678311,C/C=C\Cl,4,76.52600000000001,0.1622697411682905,1.6792231095643917,-1.0728752408187774,0.1404048697043192,1.6326134185599075,0.13744548,-1.1291585,48.926504837193825,2.2162320613861084,0.1955307262569832,0.2402234636871508,0.2849162011173184,0.2011173184357542,0.2402234636871508,0.1731843575418994,0.2402234636871508,0.6312849162011173,0.3823282681564245,112,134,0.3887008571428571
183,official_train,193,"Thiophene, 2,3-dihydro-",1.719,63.8591629,C1=CSCC1,5,86.159,0.1926806833225802,1.869489670387917,-1.0055337112414031,0.1632805945557328,1.741456777477502,0.16618407,-1.0056887,61.76148601779041,1.5658771991729736,0.3351955307262569,0.3575418994413408,0.3463687150837989,0.2458100558659217,0.2960893854748603,0.2458100558659217,0.2960893854748603,0.441340782122905,0.3359843575418994,125,108,0.34276799999999996
182,official_train,192,Pyrrolidine,1.038,54.10989389,C1CCNC1,5,71.123,0.1122695402680756,1.379366601274956,-1.3930254777656697,0.1539581790722166,1.3439212953588655,0.12215673,-1.3944714,53.474620589053835,1.6674357652664185,0.1508379888268156,0.1620111731843575,0.1787709497206704,0.2234636871508379,0.1731843575418994,0.1284916201117318,0.1787709497206704,0.4581005586592179,0.2927821229050279,135,122,0.28943828571428576
103,official_train,108,piperidine,1.19,67.938,C1CCNCC1,6,85.15,0.0929307387191201,1.177298512864235,-1.4776988626798266,0.1321098594402341,1.338863158960366,0.14313701,-1.3904246,65.60408299359524,0.6335832476615906,0.1229050279329608,0.1117318435754189,0.1396648044692737,0.1787709497206704,0.1675977653631284,0.1955307262569832,0.1843575418994413,0.2011173184357542,0.1931988826815642,148,100,0.19250342857142855
299,official_test,41,Acetone enol,0.605,42.14515799,C=C(C)O,4,58.08,0.1947956764721889,1.720175610731206,-1.134887345750222,0.2187885945433225,1.8805863576052384,0.23489715,-0.83200806,41.501212041538935,1.5557358264923096,0.3407821229050279,0.2793296089385474,0.2569832402234637,0.4022346368715084,0.4189944134078212,0.4581005586592179,0.4022346368715084,0.435754189944134,0.430486033519553,97,154,0.44404685714285713
313,official_test,55,1-Bromo-1-fluoroethylene,1.451074,43.933,C=C(F)Br,4,124.94,0.1642482548551047,1.7527971750298308,-1.0417469379871616,0.1648895044631637,1.6593380904302946,0.14024594,-1.1981568,41.46458361854323,1.331911325454712,0.2122905027932961,0.2905027932960894,0.2960893854748603,0.2513966480446927,0.2513966480446927,0.1843575418994413,0.2234636871508379,0.3687150837988827,0.2804663687150838,139,155,0.27970685714285715
163,official_train,171,Acrolein,3.515,41.00469529,C=CC=O,4,56.064,0.4873616472725663,3.045682417841323,-0.1428779049833362,0.4610920258897511,3.022795485042441,0.4633466,0.26635328,37.83528662089206,2.9190995693206787,0.7877094972067039,0.7597765363128491,0.7653631284916201,0.7541899441340782,0.7653631284916201,0.7653631284916201,0.7374301675977654,0.7486033519553073,0.7524464804469273,44,158,0.805874
106,official_train,111,styrene,0.2,99.026,C=Cc1ccccc1,8,104.15199999999996,0.0239889730675249,0.4428315211316023,-2.8336775745922336,0.0302632968877291,0.3883803315483095,0.027845807,-2.57177,92.2633612179289,0.1912657171487808,0.0670391061452514,0.0446927374301676,0.0670391061452514,0.0446927374301676,0.0670391061452514,0.0558659217877094,0.0502793296089385,0.0782122905027933,0.0626214525139664,170,47,0.06099171428571428
26,official_train,26,Acetyl chloride,3.464,32.862,CC(=O)Cl,4,78.498,0.4239892153445105,2.8566673078347073,-0.1457417932836737,0.4379912326261716,2.895253038802192,0.4356641,0.22878365,37.4028613603294,2.7859976291656494,0.7039106145251397,0.6983240223463687,0.7597765363128491,0.7262569832402235,0.7486033519553073,0.7150837988826816,0.7150837988826816,0.7094972067039106,0.7148587709497207,49,160,0.7609411428571429
305,official_test,47,acetlc acid,4.42,33.634,CC(=O)O,4,60.05200000000001,0.1967889334168545,1.893544811554584,-0.9077880856638374,0.1943225497905023,1.889943298463364,0.17901307,-0.87177426,29.929334738281224,1.8441702127456665,0.3631284916201117,0.3854748603351955,0.4301675977653631,0.329608938547486,0.4245810055865922,0.2960893854748603,0.3910614525139664,0.4972067039106145,0.4009191061452514,105,170,0.41936914285714283
16,official_train,16,2-乙酰吡咯,4.6292,82.419,CC(=O)c1ccc[nH]1,8,109.12799999999996,0.5304985389069702,3.1937721203894496,0.145045182431983,0.4946745148208478,3.1424395837075663,0.5518089,0.5054689,76.74101595968946,4.347037315368652,0.7988826815642458,0.7877094972067039,0.8044692737430168,0.7821229050279329,0.7932960893854749,0.8268156424581006,0.7877094972067039,0.888268156424581,0.8394531843575419,32,73,0.8966985714285715
7,official_train,7,1-乙酰咪唑,2.1514,72.878,CC(=O)n1ccnc1,8,110.116,0.434545413223604,2.8549958848040613,-0.2601172846817818,0.4329095496387745,2.829757933488376,0.4425078,0.36082685,70.85189158028912,2.786695957183838,0.7150837988826816,0.6927374301675978,0.7039106145251397,0.7150837988826816,0.7206703910614525,0.7262569832402235,0.7653631284916201,0.7150837988826816,0.7247094972067039,47,91,0.7735482857142857
9,official_train,9,"2,2,4,4-T etramethylpentan-3-one",2.766,94.566,CC(C)(C)C(=O)C(C)(C)C,10,142.242,0.3512092166630212,2.5416004169295876,-0.3842980866713292,0.3596060941505052,2.598892636852085,0.3817248,-0.1688906,109.3744193190336,1.0953015089035034,0.6033519553072626,0.6145251396648045,0.6536312849162011,0.6424581005586593,0.6480446927374302,0.659217877094972,0.6424581005586593,0.3128491620111732,0.5066379888268157,88,30,0.5351257142857143
260,official_test,2,"2,2,5,5-T etramethylhexan-3-one",2.706,105.279,CC(C)(C)CC(=O)C(C)(C)C,11,156.26899999999998,0.3462165514604245,2.518617792074285,-0.3876537710680699,0.3623857696043254,2.648549646102144,0.3426599,-0.22132981,122.50288851025049,2.0379278659820557,0.5977653631284916,0.5977653631284916,0.6480446927374302,0.6480446927374302,0.6703910614525139,0.5977653631284916,0.6201117318435754,0.5698324022346368,0.5982241340782122,71,15,0.6279348571428572
10,official_train,10,"2,2,6,6-T etramethylheptan-4-one",2.73,117.069,CC(C)(C)CC(=O)CC(C)(C)C,12,170.296,0.361291864477223,2.410939206075572,-0.4254249312693742,0.3332552573861823,2.504680134093499,0.328115,-0.12565418,138.34359331699918,2.9014370441436768,0.6145251396648045,0.5810055865921788,0.6201117318435754,0.5921787709497207,0.6089385474860335,0.5865921787709497,0.6480446927374302,0.7374301675977654,0.6601179888268156,58,12,0.7036008571428571
107,official_train,112,t-butanol,1.73,57.017,CC(C)(C)O,5,74.12299999999999,0.1768634538269073,1.894525048024103,-1.0787245734606477,0.199571759701503,1.8334205712932472,0.22787906,-0.8071726,53.035364327178016,0.9304326176643372,0.2625698324022346,0.3910614525139664,0.2793296089385474,0.3463687150837989,0.3910614525139664,0.441340782122905,0.4134078212290503,0.2458100558659217,0.3368169832402234,124,125,0.3498934285714286
193,official_train,203,丙酮嗪,1.1683,97.069,CC(C)=NN=C(C)C,8,112.176,0.1923169614204182,1.661640570735491,-0.9819177719309184,0.2143029720735734,1.6999092306531292,0.21629342,-1.0442587,95.5892302373816,1.4613876342773438,0.3240223463687151,0.2346368715083799,0.3631284916201117,0.3966480446927374,0.2737430167597765,0.4189944134078212,0.2681564245810056,0.4078212290502793,0.3894945251396648,109,45,0.3963671428571428
291,official_test,33,丙酮肟,0.9971,50.874,CC(C)=NO,5,73.095,0.1866651121380254,1.6582185079566247,-1.1541920234189085,0.1826235880037537,1.681854381812525,0.22079088,-1.202592,50.700585750355465,1.0025925636291504,0.3072625698324022,0.2290502793296089,0.2402234636871508,0.2960893854748603,0.2681564245810056,0.4245810055865922,0.217877094972067,0.2737430167597765,0.3086639106145251,133,128,0.31690285714285715
13,official_train,13,"2,6-Dimethylheptan-4-one",2.57,95.856,CC(C)CC(=O)CC(C)C,10,142.242,0.3946687399380985,2.618576059606295,-0.2647531671998883,0.3773098753321762,2.6277387087441273,0.38034102,-0.117983595,111.76848842199882,2.6614997386932373,0.6536312849162011,0.6480446927374302,0.6983240223463687,0.664804469273743,0.659217877094972,0.6536312849162011,0.6536312849162011,0.6983240223463687,0.6747418994413408,55,26,0.7196711428571427
95,official_train,100,i-pentanol,1.59,68.876,CC(C)CCO,6,88.14999999999999,0.21795277275658,2.0018284632456735,-1.0115330234796525,0.1878818755020081,2.014524897369688,0.21026795,-0.76047224,66.1938025150513,0.847284734249115,0.4134078212290503,0.4525139664804469,0.329608938547486,0.3128491620111732,0.4636871508379888,0.3966480446927374,0.4469273743016759,0.2234636871508379,0.3145966480446927,129,99,0.3301585714285714
284,official_test,26,i-propanol,1.68,45.024,CC(C)O,4,60.096,0.1961167530351785,1.8774288205476584,-1.0056246822552777,0.1951602065105186,1.7965009131971388,0.20020176,-0.8095333,41.85440126125327,1.6117643117904663,0.3575418994413408,0.3631284916201117,0.3407821229050279,0.3351955307262569,0.329608938547486,0.3631284916201117,0.4078212290502793,0.4469273743016759,0.3996256983240223,106,150,0.40954342857142856
273,official_test,15,"Isopropyl 2,2-dimethylpropanoate",1.949,89.235,CC(C)OC(=O)C(C)(C)C,10,144.21399999999997,0.2143714272479178,1.923477261227921,-0.8331713749090094,0.2077866410979135,1.8924800720479813,0.21195449,-0.89815,103.51348432088072,1.2334144115447998,0.3966480446927374,0.4189944134078212,0.4860335195530726,0.3798882681564245,0.4301675977653631,0.4022346368715084,0.3743016759776536,0.3463687150837989,0.3708435754189944,116,37,0.38271
214,official_train,226,2-Propanethiol,1.847,57.24110509,CC(C)S,4,76.164,0.1918571335141975,1.717054149952206,-1.0825355468436697,0.1552682961963292,1.6030450762990944,0.15971534,-1.0191866,56.11753009457189,1.7522449493408203,0.3184357541899441,0.2681564245810056,0.2737430167597765,0.2290502793296089,0.2346368715083799,0.2234636871508379,0.2793296089385474,0.4804469273743016,0.3413870391061452,122,119,0.3497105714285714
86,official_train,91,diaminoethane,0.01,46.833,CC(N)N,4,60.099999999999994,0.1926082787048635,1.9229383785570513,-1.1879144168619218,0.2284706385492507,1.7330483582652496,0.16464205,-1.0107801,41.92826084277942,0.4939019680023193,0.329608938547486,0.4134078212290503,0.2290502793296089,0.435754189944134,0.2905027932960894,0.2290502793296089,0.2905027932960894,0.1508379888268156,0.2417291620111732,144,149,0.25050685714285714
121,official_train,126,丙二醇,3.3728,46.941,CC(O)CO,5,76.095,0.3037506552732915,2.1844949679188828,-0.9755762886778224,0.2629781011345725,1.768602909105013,0.2709508,-0.8021452,44.78003386270696,1.2238852977752686,0.5363128491620112,0.5251396648044693,0.3743016759776536,0.5251396648044693,0.3072625698324022,0.5195530726256983,0.4245810055865922,0.3407821229050279,0.4312029050279329,96,144,0.44577
153,official_train,161,(Z)-hex-3-ene,0.318,75.35354229,CC/C=C\CC,6,84.162,0.0340758225434107,0.7789040031313088,-2.6606573336782464,0.0361951490599468,0.5039019335978445,0.037581798,-2.3703077,74.1592568874706,0.3385900259017944,0.0782122905027933,0.0893854748603352,0.0837988826815642,0.0670391061452514,0.0782122905027933,0.0614525139664804,0.0726256983240223,0.1117318435754189,0.0854147486033519,165,80,0.08403942857142857
323,official_test,65,Thioacetaldehyde,2.665,43.88621939,CC=S,3,60.120999999999995,0.3672650288898257,2.6331824769829177,-0.3881290617127693,0.3709477156067372,2.596074256643383,0.36794427,-0.112785056,42.65177390181184,2.574357748031616,0.6256983240223464,0.659217877094972,0.6424581005586593,0.6536312849162011,0.6424581005586593,0.6368715083798883,0.6703910614525139,0.6703910614525139,0.6587012290502794,59,148,0.6991865714285714
60,official_train,65,Propionyl chloride,3.642,43.629,CCC(=O)Cl,5,92.525,0.4695331683751483,3.0473413667463274,-0.0322688390634584,0.458512040106441,3.059336284161569,0.4684149,0.30005276,49.26466818465715,3.085896253585815,0.776536312849162,0.7653631284916201,0.7821229050279329,0.7486033519553073,0.776536312849162,0.776536312849162,0.7541899441340782,0.7541899441340782,0.7589608938547485,43,133,0.8123817142857142
160,official_train,168,2-Butanamine,1.289,58.88364131,CCC(C)N,5,73.13900000000001,0.1207739214032841,1.3891809671354622,-1.476101599817692,0.159810488563605,1.3553459735820146,0.1323646,-1.4365424,57.672844438670026,0.3013712465763092,0.1675977653631284,0.1731843575418994,0.1452513966480447,0.2402234636871508,0.1787709497206704,0.1452513966480447,0.1620111731843575,0.0949720670391061,0.1434312849162011,156,117,0.13894314285714285
32,official_train,33,Diethyl,3.641,97.747,CCCC,4,58.123999999999995,0.0094050337763402,0.2731091900512754,-3.125144771603857,0.034948356103391,0.2346132884648444,0.040901843,-2.6985629,50.14700237189235,0.0011638936121016,0.0502793296089385,0.0223463687150838,0.0391061452513966,0.0558659217877094,0.0391061452513966,0.0670391061452514,0.0223463687150838,0.0223463687150838,0.0398869273743016,174,130,0.03994771428571428
285,official_test,27,n-hexane,0.0,77.05,CCCCCC,6,86.178,0.0258722300613881,0.5697997493294129,-3.137099117743161,0.0317817850819477,0.3615647147946648,0.053995926,-2.577333,74.26237180718078,0.0846969783306121,0.0726256983240223,0.0670391061452514,0.0335195530726257,0.0502793296089385,0.0614525139664804,0.0893854748603352,0.0446927374301676,0.0614525139664804,0.0642402234636871,169,79,0.06125228571428571
98,official_train,103,n-heptane,0.09,89.579,CCCCCCC,7,100.205,0.037226267232843,0.5649890854550903,-3.083672223663447,0.0297376583782549,0.3507870919976964,0.052865196,-2.4859369,87.07765529543526,0.1820618361234665,0.0837988826815642,0.0614525139664804,0.0446927374301676,0.0391061452513966,0.0558659217877094,0.0837988826815642,0.0670391061452514,0.0726256983240223,0.0685684916201117,168,57,0.06678628571428571
286,official_test,28,n-octanol,1.57,106.865,CCCCCCCCO,9,130.23100000000002,0.195676867568844,1.9336603803672825,-1.184974869236026,0.1760713846128239,1.8190277699573536,0.19237727,-0.9548794,101.55368602926828,0.5438106060028076,0.3463687150837989,0.4245810055865922,0.2346368715083799,0.2793296089385474,0.3743016759776536,0.3351955307262569,0.3407821229050279,0.1675977653631284,0.2544551955307262,142,39,0.2615494285714286
99,official_train,104,n-pentanol,1.49,69.211,CCCCCO,6,88.14999999999999,0.2477580872368954,2.123013168456712,-0.8537135202133697,0.2388471792062572,2.263533389282815,0.23165734,-0.69450974,66.6127329179104,0.9511674642562866,0.4860335195530726,0.5027932960893855,0.4804469273743016,0.4860335195530726,0.5363128491620112,0.4469273743016759,0.4748603351955307,0.2569832402234637,0.3772511731843575,114,98,0.3943345714285714
236,official_train,248,Pentyl 2-bromoacetate,3.902223,110.376,CCCCCOC(=O)CBr,10,209.08299999999997,0.3910596427340779,2.8665146808005826,-0.5372214521848885,0.3230987141195549,2.554905450829993,0.39843443,-0.27236527,108.11833850494294,2.156698226928711,0.6480446927374302,0.7039106145251397,0.5810055865921788,0.5810055865921788,0.6201117318435754,0.6871508379888268,0.6089385474860335,0.6201117318435754,0.6285418994413408,66,32,0.6605622857142857
78,official_train,83,butylamine,1.29,61.975,CCCCN,5,73.139,0.1438607869255994,1.5012340247717828,-1.285316155917642,0.1370430617979877,1.367248006570429,0.16517538,-1.2724968,59.21284554875391,0.422864019870758,0.1843575418994413,0.1899441340782122,0.2011173184357542,0.1899441340782122,0.1899441340782122,0.2346368715083799,0.2011173184357542,0.1396648044692737,0.1814940782122905,150,113,0.17871399999999998
110,official_train,115,tributylamine,0.49,162.542,CCCCN(CCCC)CCCC,13,185.35499999999993,0.1198589249994889,1.2248850704962964,-2.1071049802113393,0.1127194211814709,1.182083533535506,0.19096912,-1.6626197,157.143872978369,0.6248573064804077,0.1620111731843575,0.1173184357541899,0.1005586592178771,0.1396648044692737,0.1173184357541899,0.3184357541899441,0.1117318435754189,0.1955307262569832,0.2051347486033519,146,6,0.2092402857142857
97,official_train,102,n-butanol,1.58,56.883,CCCCO,5,74.12299999999999,0.2426145501685198,2.035276707288178,-0.8843953339855195,0.2298517519817726,2.115264685434288,0.2008654,-0.6468779,53.39232261187421,0.8659253716468811,0.4692737430167598,0.4636871508379888,0.4581005586592179,0.441340782122905,0.5027932960893855,0.3743016759776536,0.4860335195530726,0.2290502793296089,0.3401640223463686,123,123,0.3592505714285714
310,official_test,52,Butylbromoacetate,3.904336,98.379333,CCCCOC(=O)CBr,9,195.056,0.4376048180569588,3.07203961957103,-0.1754053954377616,0.4186992119116113,2.7670634255443174,0.462544,0.25982383,95.89439087903725,3.2378509044647217,0.7262569832402235,0.770949720670391,0.7486033519553073,0.7039106145251397,0.6983240223463687,0.7597765363128491,0.7318435754189944,0.7597765363128491,0.7457499441340782,46,44,0.7986245714285714
204,official_train,216,1-Butanethiol,1.877,68.57824909,CCCCS,5,90.191,0.2080771124517045,1.833853500574231,-0.9851673129783298,0.1895193921411183,1.749833705493051,0.20255935,-1.0116686,68.14890568521372,1.357304334640503,0.3910614525139664,0.3407821229050279,0.3575418994413408,0.3184357541899441,0.3016759776536313,0.3910614525139664,0.2849162011173184,0.3798882681564245,0.3586158659217877,120,95,0.36607085714285714
154,official_train,162,1-Propanamine,1.504,46.88921289,CCCN,4,59.11199999999999,0.1271292207067573,1.362741241958658,-1.4346461574398053,0.0953097299351201,1.2783047503714862,0.118965715,-1.3953441,45.77255480477327,0.3685073256492615,0.1731843575418994,0.1564245810055866,0.1731843575418994,0.1117318435754189,0.1564245810055866,0.1229050279329608,0.1731843575418994,0.1340782122905028,0.1325633519553072,158,141,0.12317142857142856
126,official_train,131,丙醇,1.6545,42.779,CCCO,4,60.096,0.2008350980785926,1.9566268199710737,-1.0082217013570316,0.1998293250274875,1.8589533821236572,0.15380362,-0.80252653,40.77304264965341,0.5464687347412109,0.3687150837988827,0.4301675977653631,0.3351955307262569,0.3519553072625698,0.3966480446927374,0.2122905027932961,0.4189944134078212,0.1731843575418994,0.2494393296089385,143,156,0.2618265714285714
275,official_test,17,"N,N-Diethylformamide",4.329,62.014,CCN(C=O)CC,7,101.149,0.7568508073406766,4.298714577293836,0.6505645040195615,0.7568622758388244,4.208748953602757,0.7393652,1.4738176,71.70835446718414,4.188502311706543,0.9273743016759776,0.9162011173184358,0.8938547486033519,0.9217877094972068,0.8994413407821229,0.9553072625698324,0.9106145251396648,0.8715083798882681,0.9073754189944132,17,88,0.9552151428571427
210,official_train,222,"2-Bromo-N,N-diethylacetamide",4.183526,103.493,CCN(CC)C(=O)CBr,9,194.072,0.7001686156848864,4.066191722142986,0.5295975087709962,0.6756516170130146,4.11477082579067,0.6484547,1.0316215,101.03753443079654,4.006525039672852,0.888268156424581,0.88268156424581,0.8659217877094972,0.8659217877094972,0.88268156424581,0.8770949720670391,0.8379888268156425,0.8435754189944135,0.8555313966480447,28,40,0.9110022857142857
68,official_train,73,Triethylamine,0.634,72.674,CCN(CC)CC,7,101.193,0.0610822224243314,1.0270863491600335,-1.839499488696928,0.0724128417373361,1.0773842521028314,0.13450998,-1.8443905,83.27573451971847,0.1570552289485931,0.0893854748603352,0.1005586592178771,0.1117318435754189,0.0893854748603352,0.1117318435754189,0.1675977653631284,0.1005586592178771,0.0670391061452514,0.1014096089385474,163,60,0.09820999999999999
41,official_train,45,Hexaethylphosphoric triamide,4.228,171.194,CCN(CC)P(=O)(N(CC)CC)N(CC)CC,17,263.36599999999993,0.4701582667064082,2.711780267869532,-0.3250547499072875,0.4894002786440124,2.8393255518963274,0.452455,0.5228868,157.35711054558251,3.608108758926392,0.7821229050279329,0.664804469273743,0.659217877094972,0.776536312849162,0.7318435754189944,0.7541899441340782,0.7988826815642458,0.7988826815642458,0.7830891620111731,39,5,0.840124857142857
89,official_train,94,diethylamine,0.88,62.645,CCNCC,5,73.139,0.0906724516808629,1.2471343237073027,-1.640203564500006,0.1286778687229711,1.1999000290368762,0.12750892,-1.605909,59.10447100559229,0.2672760784626007,0.1173184357541899,0.1340782122905028,0.1284916201117318,0.1675977653631284,0.1284916201117318,0.1396648044692737,0.1229050279329608,0.0837988826815642,0.1186824581005586,160,114,0.11118999999999998
228,official_train,240,"Ethyl 2,2-dibromoacetate",3.42478,95.054667,CCOC(=O)C(Br)Br,8,245.89799999999997,0.3353911485706177,2.450116688153301,-0.3996521097354994,0.3414408811646095,2.4479052608277856,0.35891312,-0.3129233,90.2262205635852,2.4863126277923584,0.5642458100558659,0.5921787709497207,0.6368715083798883,0.6201117318435754,0.5865921787709497,0.6201117318435754,0.5977653631284916,0.664804469273743,0.6360578770949721,65,54,0.6725082857142857
268,official_test,10,Ethyl trichloroacetate,3.5,76.593,CCOC(=O)C(Cl)(Cl)Cl,9,191.441,0.4198252650316546,2.9821345299485467,-0.1745969036512829,0.4415468451795286,2.8938565693638587,0.41842356,0.1807662,87.71170763906989,2.8412561416625977,0.6927374301675978,0.7318435754189944,0.7541899441340782,0.7318435754189944,0.7430167597765364,0.6983240223463687,0.7094972067039106,0.7206703910614525,0.715573407821229,48,56,0.7636762857142857
38,official_train,41,Ethyl dichloroacetate,4.215,66.607,CCOC(=O)C(Cl)Cl,8,156.99599999999998,0.377364081603876,2.5763170181544135,-0.4174725830251154,0.3827137022716446,2.634851845370937,0.38298088,-0.04529968,76.37954200804276,2.8569202423095703,0.6424581005586593,0.6201117318435754,0.6256983240223464,0.6815642458100558,0.664804469273743,0.664804469273743,0.6927374301675978,0.7262569832402235,0.6976656983240224,52,75,0.7467448571428572
316,official_test,58,Bromoacetaldehyde diethyl acetal,3.476181,102.521333,CCOC(CBr)OCC,9,197.072,0.4390344596483776,2.990134911985381,-0.2591955394651402,0.4509048391371903,2.8324274095349464,0.4461926,-0.0114098,100.70627487052228,3.4162521362304688,0.7430167597765364,0.7430167597765364,0.7094972067039106,0.7430167597765364,0.7262569832402235,0.7374301675977654,0.6983240223463687,0.776536312849162,0.7497253631284916,45,41,0.8051968571428572
319,official_test,61,Ethanethiol,1.832,44.45577591,CCS,3,62.137,0.1720585247896503,1.654087321134732,-1.0929006509264954,0.1581335927302787,1.6732904435138485,0.16517597,-1.1279733,43.669068339163026,1.4650086164474487,0.2402234636871508,0.2234636871508379,0.2681564245810056,0.2346368715083799,0.2569832402234637,0.2402234636871508,0.2458100558659217,0.4134078212290503,0.3136531843575419,130,146,0.31424457142857143
318,official_test,60,Diethyl sulfide,1.747,69.42448591,CCSCC,5,90.191,0.1784786183242893,1.8068654194721796,-1.0370669457330113,0.16656000075716,1.72809352753046,0.13787073,-1.0870042,67.93787937055059,1.5507993698120115,0.2681564245810056,0.3128491620111732,0.3072625698324022,0.2625698324022346,0.2849162011173184,0.1787709497206704,0.2569832402234637,0.4301675977653631,0.3117999999999999,131,96,0.3136822857142857
85,official_train,90,diMe benzylamine,0.59,117.451,CN(C)Cc1ccccc1,10,135.20999999999998,0.1107226204726755,1.299526853315902,-1.6040679161224265,0.100539355229619,1.3303613933243794,0.16984387,-1.6505202,109.10749473435392,0.2886089384555816,0.1452513966480447,0.1452513966480447,0.1340782122905028,0.1229050279329608,0.1620111731843575,0.2569832402234637,0.1173184357541899,0.0893854748603352,0.1421740782122905,157,31,0.14455657142857142
271,official_test,13,Hexamethylphosphoric triamide,4.34,108.101,CN(C)P(=O)(N(C)C)N(C)C,11,179.204,0.5743101915600861,3.08663202244435,-0.2182157680367229,0.4979112010728647,3.0126732835376324,0.52928793,0.5882925,122.10908253655911,3.34194278717041,0.8156424581005587,0.776536312849162,0.7318435754189944,0.7877094972067039,0.7597765363128491,0.8100558659217877,0.8100558659217877,0.770949720670391,0.7891718435754189,38,16,0.8472585714285714
90,official_train,95,dimethylaniline,1.99,107.602,CN(C)c1ccccc1,9,121.18299999999996,0.2356439360856757,2.10501140234999,-0.9012081151601716,0.2197668247202275,2.101020360889063,0.22396056,-1.0043542,102.13067308209575,1.7034497261047363,0.4581005586592179,0.4916201117318435,0.435754189944134,0.4078212290502793,0.4972067039106145,0.4301675977653631,0.3016759776536313,0.4692737430167598,0.4255030167597765,99,38,0.442296
22,official_train,22,4-二甲氨基吡啶（目标分子）,4.8388,99.199,CN(C)c1ccncc1,9,122.17099999999996,0.6718157610101126,4.0357999829529385,0.5650803088811363,0.7008144201684688,3.9765274364108048,0.7026178,1.3674816,96.99460301155138,4.772382736206055,0.8659217877094972,0.8491620111731844,0.88268156424581,0.888268156424581,0.8603351955307262,0.9217877094972068,0.8994413407821229,0.9273743016759776,0.9148911731843576,14,42,0.9672888571428572
304,official_test,46,Sarcosine,5.84,52.30134949,CNCC(=O)O,6,89.09399999999998,0.2029001732559153,1.884021022246345,-0.8298422961736655,0.2047529748918858,1.8686562239119031,0.17758854,-0.72985506,51.061307894296576,0.9929479956626892,0.3743016759776536,0.3687150837988827,0.4916201117318435,0.3631284916201117,0.4078212290502793,0.2905027932960894,0.4636871508379888,0.2681564245810056,0.3181021229050279,127,127,0.3318285714285715
53,official_train,58,N-methylaniline,1.88,93.934,CNc1ccccc1,8,107.15599999999998,0.1839610287817959,1.832965114835142,-0.9702161718200116,0.208056376218634,1.805387923148203,0.20135938,-1.0424858,88.61801818314594,1.7162137031555176,0.2960893854748603,0.3351955307262569,0.3798882681564245,0.3854748603351955,0.3519553072625698,0.3854748603351955,0.2737430167597765,0.4748603351955307,0.4083041340782123,102,55,0.423524
253,official_train,265,Triglyme,0.0,118.78,COCCOCCOCCOC,12,178.22799999999998,0.2377602749343577,1.5624916530609734,-1.9605978424727617,0.2487193976599049,1.4011806676377343,0.21609455,-0.9339155,119.77631198775308,1.0431458950042725,0.4636871508379888,0.2067039106145251,0.106145251396648,0.5083798882681564,0.2011173184357542,0.4134078212290503,0.3519553072625698,0.2905027932960894,0.3692826815642458,117,17,0.38236800000000004
188,official_train,198,dimethylperoxide,0.0,37.5812827,COOC,4,62.068,0.1629568660902089,1.5346468900007515,-1.234003273918974,0.1171442391741109,1.360554276838721,0.12380704,-1.2673917,35.22653990855454,1.3699692487716677,0.2067039106145251,0.2011173184357542,0.2122905027932961,0.1564245810055866,0.1843575418994413,0.1340782122905028,0.2067039106145251,0.3910614525139664,0.2574037988826815,141,162,0.24852485714285713
280,official_test,22,Veratraldehyde,4.9039,123.398,COc1ccc(C=O)cc1OC,12,166.17599999999996,0.6581439349893936,4.0647809751843,0.3739415138005741,0.6655791834867861,3.839033494147102,0.72688353,1.2609953,117.71255333408324,3.865762233734131,0.8491620111731844,0.8770949720670391,0.8379888268156425,0.8547486033519553,0.8379888268156425,0.9441340782122905,0.8770949720670391,0.8324022346368715,0.8710051396648044,24,18,0.9197857142857142
146,official_train,154,甲烷磺酸,3.147,42.914,CS(=O)(=O)O,5,96.107,0.6326058544829211,3.9299359506656746,0.5143539585839288,0.6558071614122775,4.137391303967624,0.67171586,1.2532021,41.75797220178666,3.5694026947021484,0.8379888268156425,0.8379888268156425,0.8603351955307262,0.8491620111731844,0.888268156424581,0.8938547486033519,0.8715083798882681,0.7932960893854749,0.8399003351955308,31,151,0.8884857142857143
175,official_train,184,Hydrogen methyl disulfide,1.989,50.76273709,CSS,3,80.177,0.191105964353737,1.8073695155542775,-0.9502310118119442,0.1742142544428987,1.8262076323958751,0.16898566,-0.9892325,50.3992321661402,1.2607669830322266,0.3128491620111732,0.3184357541899441,0.4022346368715084,0.2737430167597765,0.3854748603351955,0.2513966480446927,0.3128491620111732,0.3631284916201117,0.3117128491620112,132,129,0.3164662857142857
300,official_test,42,"Disulfide, dimethyl",2.214,64.85318749,CSSC,4,94.204,0.2455837552340961,2.084218719115676,-0.7858226818672066,0.2461597937940971,2.0222463205337964,0.19732939,-0.969921,63.04743531832079,1.0570999383926392,0.4804469273743016,0.4748603351955307,0.5083798882681564,0.5027932960893855,0.4692737430167598,0.3575418994413408,0.329608938547486,0.3072625698324022,0.3592131843575419,119,105,0.36803457142857143
56,official_train,61,Nitromethane,3.85,24.388,C[N+](=O)[O-],4,61.040000000000006,0.6902558213810684,4.042270172830403,0.4390610471761451,0.6858582761682653,3.9030548827860536,0.7101909,1.3146828,28.633106971821935,4.24713659286499,0.8770949720670391,0.8603351955307262,0.8491620111731844,0.8715083798882681,0.8491620111731844,0.9273743016759776,0.8938547486033519,0.8770949720670391,0.8910766480446928,21,171,0.9442214285714285
295,official_test,37,甜菜碱,6.772,68.755,C[N+](C)(C)CC(=O)[O-],8,117.14799999999998,0.9163374953679136,7.726816523019291,3.0308916455898944,0.9492095563874396,9.159705499455535,0.88106185,5.3742065,72.38229626707543,9.340856552124023,1.0,1.0,1.0,0.994413407821229,1.0,0.994413407821229,1.0,0.9776536312849162,0.988062569832402,1,86,1.0
191,official_train,201,mesitylene,0.0,108.741,Cc1cc(C)cc(C)c1,9,120.19499999999998,0.0106624186695843,0.5737340150318184,-3.026735312934804,0.0550863962001726,0.2004516360896709,0.01951146,-2.583417,105.95861515154922,0.0031554074957966,0.0558659217877094,0.0726256983240223,0.0502793296089385,0.0837988826815642,0.0279329608938547,0.0279329608938547,0.0391061452513966,0.0391061452513966,0.0443756424581005,172,33,0.040032285714285715
101,official_train,106,p-xylene,0.07,95.408,Cc1ccc(C)cc1,8,106.168,0.0077973226031239,0.5115957164666907,-3.0115954685607615,0.0267892727813694,0.3034972661346794,0.01907349,-2.807321,91.66342902245611,0.0379377044737339,0.0335195530726257,0.0502793296089385,0.0558659217877094,0.0279329608938547,0.0502793296089385,0.0223463687150838,0.0111731843575419,0.0558659217877094,0.0362013407821229,175,50,0.03279542857142857
96,official_train,101,m-xylene,0.38,95.073,Cc1cccc(C)c1,8,106.168,0.0089089045230655,0.6324216209116322,-2.4211952681277653,0.0350443767461592,0.5440831897027035,0.02510463,-2.3382099,91.79985859848392,0.3573027551174164,0.0446927374301676,0.0782122905027933,0.0893854748603352,0.0614525139664804,0.0893854748603352,0.0335195530726257,0.0837988826815642,0.1173184357541899,0.0811774301675977,166,48,0.08226457142857142
109,official_train,114,toluene,0.4,81.539,Cc1ccccc1,7,92.141,0.0024849248532812,0.5357646578433002,-2.3445032511949013,0.0535529625694821,0.5346361155811131,0.040983614,-2.3501933,76.97610946600804,0.4245412349700928,0.0279329608938547,0.0558659217877094,0.0949720670391061,0.0782122905027933,0.0837988826815642,0.0726256983240223,0.0782122905027933,0.1452513966480447,0.1053074860335195,162,72,0.10817742857142856
263,official_test,5,4-甲基吡啶,2.8899,74.387,Cc1ccncc1,7,93.129,0.3373229673943856,2.524504126160528,-0.5405815479824522,0.3412252138847988,2.616045627816929,0.34304756,-0.31093004,72.51908042898164,2.7167751789093018,0.5754189944134078,0.6089385474860335,0.5754189944134078,0.6145251396648045,0.6536312849162011,0.6089385474860335,0.6033519553072626,0.7039106145251397,0.6495662569832402,61,85,0.6897797142857143
174,official_train,182,"Ethene, 1,2-dichloro-, (Z)-",2.016,47.02687821,Cl/C=C\Cl,4,96.94400000000002,0.2189884355212556,1.9595198421945472,-0.9004257250487757,0.2376452119613763,2.0335831928455983,0.27103838,-0.5807862,46.159917311882054,2.2114500999450684,0.4189944134078212,0.435754189944134,0.441340782122905,0.4804469273743016,0.4748603351955307,0.5251396648044693,0.5027932960893855,0.6256983240223464,0.5565112849162012,76,138,0.5813045714285714
108,official_train,113,tetra-chloro-methane,0.0,70.082,ClC(Cl)(Cl)Cl,5,153.823,-0.0134158582116991,0.2793482021473772,-3.314875119738165,0.0013204571992038,0.030083195389333,0.011094325,-2.7292612,56.43748635123109,0.0047646081075072,0.0111731843575419,0.0279329608938547,0.0111731843575419,0.0167597765363128,0.0167597765363128,0.0167597765363128,0.0167597765363128,0.0446927374301676,0.028622346368715,176,118,0.024440285714285713
83,official_train,88,chloroform,1.05,56.481,ClC(Cl)Cl,4,119.378,0.1043530253267392,1.244460594394114,-1.473991160290261,0.0957821418958034,1.264150648294096,0.104462594,-1.5606861,44.694191873166815,0.3592472672462463,0.1396648044692737,0.1284916201117318,0.1508379888268156,0.1173184357541899,0.1452513966480447,0.1117318435754189,0.1284916201117318,0.1229050279329608,0.1198811173184357,159,145,0.113634
2,official_train,2,"1,2-dichloroethane",0.0,55.677,ClCCCl,4,98.96,0.2204875163168426,1.5249662178073695,-1.4606922556923891,0.2502306653704564,1.5240085630644382,0.28473052,-0.8968901,46.077101452290925,2.5881402492523193,0.4245810055865922,0.1955307262569832,0.1564245810055866,0.5139664804469274,0.2234636871508379,0.5418994413407822,0.3798882681564245,0.6815642458100558,0.5731729608938547,73,139,0.6040671428571429
88,official_train,93,dichloromethane,1.63,42.411,ClCCl,3,84.93299999999999,0.1669344917500219,1.7363918175104505,-1.0255467507181215,0.1919374970992957,1.7956720807930788,0.17570813,-0.9602336,34.41702823079477,1.7817293405532837,0.217877094972067,0.2849162011173184,0.3184357541899441,0.3240223463687151,0.3240223463687151,0.2793296089385474,0.3351955307262569,0.4860335195530726,0.3829624581005586,111,164,0.39842285714285713
105,official_train,110,rn-dichlorobenzene,1.65,98.691,Clc1cccc(Cl)c1,8,147.004,0.1847082669389274,1.698558585812523,-1.1225430569935009,0.1327099791993658,1.5821823001360351,0.15136832,-1.2787654,91.78170648530369,2.020251512527466,0.3016759776536313,0.2569832402234637,0.2625698324022346,0.1843575418994413,0.2290502793296089,0.2067039106145251,0.1955307262569832,0.5586592178770949,0.3509041340782123,121,49,0.35762771428571427
82,official_train,87,chlorobenzene,1.76,83.08,Clc1ccccc1,7,112.55899999999995,0.1833672899351058,1.8387047594492636,-0.9863110784296116,0.1809558964917996,1.7938168078266457,0.2011568,-0.9495485,79.33190666650728,2.1210665702819824,0.2905027932960894,0.3463687150837989,0.3519553072625698,0.2905027932960894,0.3184357541899441,0.3798882681564245,0.3463687150837989,0.6145251396648045,0.4587193296089386,93,69,0.4741085714285714
100,official_train,105,o-dichlorobenzene,2.5,97.351,Clc1ccccc1Cl,8,147.00399999999996,0.3597511860003669,2.585104278610111,-0.47087382113527,0.3216236299938946,2.458662181811885,0.3314812,-0.18809846,91.43977405197472,2.882927179336548,0.6089385474860335,0.6312849162011173,0.5921787709497207,0.5754189944134078,0.5921787709497207,0.5921787709497207,0.6368715083798883,0.7318435754189944,0.6545441340782122,60,51,0.6964865714285713
156,official_train,164,1-甲基吡咯,2.2069,65.074,Cn1cccc1,6,81.118,0.2694639380670786,2.2346842961223365,-0.4114874108972095,0.2839126356934278,2.4457833678859817,0.25681758,-0.4194728,64.83413359120324,1.948729395866394,0.5027932960893855,0.5418994413407822,0.6312849162011173,0.5307262569832403,0.5810055865921788,0.4972067039106145,0.553072625698324,0.5418994413407822,0.5301825698324022,85,103,0.5589377142857143
199,official_train,210,(E)-1-Chloro-2-fluoroethene,0.212,36.2653642,F/C=C/Cl,4,80.489,0.0078810052842633,0.3893277019890901,-2.667617484235009,-0.0171643083883905,0.2339020135662994,-0.011621355,-2.5452452,33.87823736772975,0.6837995648384094,0.0391061452513966,0.0391061452513966,0.0782122905027933,0.0111731843575419,0.0335195530726257,0.0055865921787709,0.0614525139664804,0.2067039106145251,0.0998078212290502,164,165,0.10436542857142857
221,official_train,233,Bromobenzyl cyanide,4.181342,117.377333,N#CC(Br)c1ccccc1,10,196.04700000000005,0.7252616218735893,4.064056428192339,0.6162575125770295,0.7062331237579204,4.274062547954626,0.72077686,1.2915173,110.38585445718344,4.080374240875244,0.9106145251396648,0.8715083798882681,0.888268156424581,0.8938547486033519,0.905027932960894,0.9385474860335196,0.88268156424581,0.8547486033519553,0.8871309497206703,22,28,0.9390459999999999
206,official_train,218,"2,3-Dibromopropionamide",3.458725,89.318667,NC(=O)C(Br)CBr,7,230.88699999999997,0.4053448555012713,2.913811790185288,-0.1266736932341902,0.3788532198570635,2.6912825286602997,0.4142456,-0.114131406,82.5527119556472,2.4262325763702393,0.6759776536312849,0.7206703910614525,0.770949720670391,0.6703910614525139,0.6815642458100558,0.6927374301675978,0.664804469273743,0.6536312849162011,0.6684015642458101,57,62,0.7078971428571429
222,official_train,234,Bromochloroacetamide,2.628026,67.589,NC(=O)C(Cl)Br,6,172.409,0.3763184518465277,2.583571019502563,-0.3114328246074975,0.3529047478540828,2.5253794476496543,0.3660102,-0.21921846,62.26413821065762,1.93702232837677,0.6368715083798883,0.6256983240223464,0.6703910614525139,0.6312849162011173,0.6145251396648045,0.6312849162011173,0.6256983240223464,0.5363128491620112,0.59020469273743,72,106,0.6250482857142857
43,official_train,47,L-Citrulline,3.3703,109.469,NC(=O)NCCC[C@H](N)C(=O)O,12,175.188,0.6038742350277749,4.184852920449483,0.6763111688693537,0.6951379852555966,4.40542881202989,0.63252175,1.11914,105.85412747948082,4.415127277374268,0.8212290502793296,0.9106145251396648,0.905027932960894,0.8770949720670391,0.9162011173184358,0.8547486033519553,0.8491620111731844,0.8938547486033519,0.8748386592178771,23,34,0.931406
142,official_train,149,尿素,3.8843,33.803,NC(N)=O,4,60.056,0.6680047833678653,4.115916345400089,0.6878728898180825,0.7147107640785522,3.950173561081907,0.64548284,1.1904482,30.353261841188953,4.523380756378174,0.8603351955307262,0.8938547486033519,0.9106145251396648,0.8994413407821229,0.8547486033519553,0.8715083798882681,0.8603351955307262,0.9106145251396648,0.8917325139664805,20,169,0.9459165714285714
171,official_train,179,Cyclopropylamine,1.34,43.40304111,NC1CC1,4,57.096,0.1309666515361869,1.3883408454579529,-1.2554434393243974,0.1485391864877269,1.4266661102015905,0.13340814,-1.2111464,41.71263750903263,0.5064003467559814,0.1787709497206704,0.1675977653631284,0.2067039106145251,0.2122905027932961,0.2067039106145251,0.1564245810055866,0.2122905027932961,0.1564245810055866,0.1742701675977653,152,152,0.17129914285714287
168,official_train,176,Cyclobutylamine,1.286,54.7354613,NC1CCC1,5,71.123,0.1131848712604668,1.400882721469264,-1.378767110560724,0.1399703901352515,1.3793556123472015,0.14112936,-1.4513696,53.23990355573745,0.3613830506801605,0.1564245810055866,0.1843575418994413,0.1899441340782122,0.1955307262569832,0.1955307262569832,0.1899441340782122,0.1508379888268156,0.1284916201117318,0.1595550837988826,154,124,0.1544134285714286
231,official_train,243,Methanimidothioic acid,1.458,39.5585346,NC=S,3,61.108999999999995,0.6879336214667726,4.090572582947423,0.5074254447344864,0.6702929702261382,4.031064587882353,0.6176771,1.3001727,37.56221083285077,4.100163459777832,0.8715083798882681,0.888268156424581,0.8547486033519553,0.8603351955307262,0.8715083798882681,0.8379888268156425,0.888268156424581,0.8659217877094972,0.8607921787709497,25,159,0.9182402857142856
298,official_test,40,4-氨甲基吡啶,4.6375,86.154,NCc1ccncc1,8,108.14399999999998,0.2925083554922401,1.892537397991155,-1.2130993814799165,0.2073780871691007,1.9090076773872584,0.26532382,-0.705685,80.1745142492108,3.5218186378479004,0.5251396648044693,0.3798882681564245,0.2234636871508379,0.3743016759776536,0.441340782122905,0.5139664804469274,0.4692737430167598,0.7877094972067039,0.598348156424581,70,67,0.6379954285714285
177,official_train,186,L-glutamate,1.3367,82.728,N[C@@H](CCC(=O)O)C(=O)O,10,147.13,0.4180579952717881,2.8110095648710622,-0.245965522416428,0.4776249078299271,2.9012994098734737,0.44827127,-0.31925145,78.72471128562228,1.012162685394287,0.6871508379888268,0.6815642458100558,0.7150837988826816,0.7653631284916201,0.7541899441340782,0.7486033519553073,0.5921787709497207,0.2793296089385474,0.5309818994413408,84,70,0.5620642857142857
58,official_train,63,Phenylalanine,1.2608,119.947,N[C@@H](Cc1ccccc1)C(=O)O,12,165.19199999999995,0.2830989916272006,2.2180140760371145,-0.7690316615180257,0.2356877595165713,2.1482777515021825,0.2334925,-0.6526003,117.02840883887896,1.661902904510498,0.5139664804469274,0.5363128491620112,0.5139664804469274,0.4692737430167598,0.5083798882681564,0.4525139664804469,0.4804469273743016,0.4525139664804469,0.4595298324022346,92,19,0.4765377142857143
72,official_train,77,aniline,1.2,77.921,Nc1ccccc1,7,93.129,0.1671512145943006,1.68169246572791,-0.9166753990428798,0.165057642568765,1.7760950840228773,0.17076673,-0.9718731,74.76332761890697,1.3571875095367432,0.2234636871508379,0.2458100558659217,0.4189944134078212,0.2569832402234637,0.3128491620111732,0.2625698324022346,0.3240223463687151,0.3743016759776536,0.3176775418994413,128,78,0.32540114285714283
20,official_train,20,3-氨基吡啶,3.3329,73.151,Nc1cccnc1,7,94.117,0.5065955626438795,3.1709888044334633,-0.0304955816317708,0.5128865898826459,3.1243941948448852,0.493638,0.40181795,70.26317867733628,3.2433483600616455,0.7932960893854749,0.7821229050279329,0.7877094972067039,0.7988826815642458,0.7821229050279329,0.7877094972067039,0.770949720670391,0.7653631284916201,0.7779691620111732,40,92,0.835388857142857
237,official_train,249,Phenyl bromoacetate,3.1744,118.404333,O=C(CBr)Oc1ccccc1,11,215.046,0.4239268913127741,2.8989624901985795,-0.5571441526069161,0.3347343327531988,2.4713611933579354,0.38785598,-0.08532374,115.25587059820984,1.496246099472046,0.6983240223463687,0.7150837988826816,0.5642458100558659,0.5977653631284916,0.5977653631284916,0.6703910614525139,0.6815642458100558,0.4189944134078212,0.551576312849162,77,20,0.579048
27,official_train,27,Benzoyl fluoride,4.507,68.106,O=C(F)c1ccccc1,9,124.11399999999996,0.7721901888606526,4.165288240529209,0.7869521165477603,0.7816536592219193,4.404743693594903,0.8069107,1.5908307,80.94613329407659,3.840417861938477,0.9329608938547486,0.8994413407821229,0.9162011173184358,0.9273743016759776,0.9106145251396648,0.9664804469273744,0.9162011173184358,0.8268156424581006,0.8930507262569832,19,64,0.9381025714285713
246,official_train,258,Tribromoacetic acid,1.640367,89.939667,O=C(O)C(Br)(Br)Br,7,296.74,0.2338143086953437,2.107791948612405,-0.8996329975011664,0.2328515302699447,2.0017067589064896,0.19560501,-1.0524772,85.6190433253418,1.5377295017242432,0.4525139664804469,0.4972067039106145,0.4469273743016759,0.4636871508379888,0.4581005586592179,0.3519553072625698,0.2625698324022346,0.4245810055865922,0.3913814525139665,108,59,0.397898
226,official_train,238,Dibromoacetic acid,2.340678,70.182,O=C(O)C(Br)Br,6,217.844,0.3744502816858381,2.600052188332919,-0.4460959236083515,0.3372204867923319,2.5830602201914803,0.28445944,-0.52208644,65.0630620645142,1.2441542148590088,0.6312849162011173,0.6424581005586593,0.6089385474860335,0.6033519553072626,0.6368715083798883,0.5363128491620112,0.5251396648044693,0.3575418994413408,0.4712750837988826,91,102,0.4909077142857142
312,official_test,54,α-Bromophenylacetic acid,2.105183,120.932667,O=C(O)C(Br)c1ccccc1,11,215.046,0.4441229821719534,3.2643014636049705,-0.0431525060121345,0.4202316402972281,2.746523482358743,0.42269132,0.27149966,113.66071279741054,2.4517157077789307,0.7486033519553073,0.7988826815642458,0.776536312849162,0.7094972067039106,0.6927374301675978,0.7039106145251397,0.7430167597765364,0.659217877094972,0.6913271508379888,53,21,0.7326819999999999
278,official_test,20,Succinic acid,2.3978,61.099,O=C(O)CCC(=O)O,8,118.088,0.3149669005682156,2.1981282177955306,-0.7218848724402425,0.2882253610713441,2.444178519262263,0.31535536,-0.11729389,59.05168979986912,1.960193991661072,0.547486033519553,0.5307262569832403,0.5251396648044693,0.5418994413407822,0.5754189944134078,0.5754189944134078,0.659217877094972,0.547486033519553,0.5686806703910614,75,115,0.5988634285714285
176,official_train,185,Hydroxyacetic acid,2.455,35.8402213,O=C(O)CO,5,76.051,0.2255042044616239,1.9886628530625416,-0.9147398079762056,0.2308930362270746,1.903405249942671,0.2383444,-0.8946116,34.43510383064789,2.2555899620056152,0.435754189944134,0.4469273743016759,0.4245810055865922,0.4525139664804469,0.435754189944134,0.4636871508379888,0.3854748603351955,0.6368715083798883,0.5246026815642457,86,163,0.5475005714285714
207,official_train,219,2-(4-Bromobenzyl)oxyacetic acid,3.66504,139.023667,O=C(O)COCc1ccc(Br)cc1,13,245.072,0.4294868234158558,2.8087408010051753,-0.3042587352412339,0.3719074496577336,2.7056829111855554,0.34762493,-0.45458663,131.61195984271103,2.0556089878082275,0.7094972067039106,0.6759776536312849,0.6759776536312849,0.659217877094972,0.6871508379888268,0.6145251396648045,0.5418994413407822,0.5921787709497207,0.6035693854748603,68,13,0.6325271428571428
158,official_train,166,"2,4-Cyclohexadienone",3.927,71.95239909,O=C1C=CC=CC1,7,94.113,0.6050219575188845,3.685502607009582,0.3379738351161895,0.6157964986003794,3.690764900412143,0.6345552,1.0042977,67.72875040631689,3.7226195335388184,0.8268156424581006,0.8268156424581006,0.8324022346368715,0.8212290502793296,0.8212290502793296,0.8603351955307262,0.8324022346368715,0.8100558659217877,0.827980782122905,34,97,0.8832845714285714
311,official_test,53,Tribromoacetaldehyde,1.712544,86.963,O=CC(Br)(Br)Br,6,280.741,0.1627268106834132,1.6825263834610773,-1.0601803631035065,0.1493200814996515,1.8041161480562573,0.14318138,-1.1850103,82.25586566087513,0.5359121561050415,0.2011173184357542,0.2513966480446927,0.2905027932960894,0.217877094972067,0.3463687150837989,0.2011173184357542,0.2290502793296089,0.1620111731843575,0.1916694972067039,149,63,0.19349
225,official_train,237,Dibromoacetaldehyde,2.601931,66.345667,O=CC(Br)Br,5,201.845,0.3050302656695635,2.290203980955784,-0.5502330259440711,0.3005510171148369,2.400408505674371,0.24997915,-0.5303552,61.16671717512785,0.9306639432907104,0.5418994413407822,0.547486033519553,0.5698324022346368,0.547486033519553,0.5698324022346368,0.4916201117318435,0.5195530726256983,0.2513966480446927,0.4036766480446926,103,110,0.4245297142857143
209,official_train,221,2-Bromo-2-phenylacetaldehyde,4.038292,115.680333,O=CC(Br)c1ccccc1,10,199.04700000000005,0.530974278451145,3.27830794191775,0.1764320562694728,0.5692789869836624,3.516251135182343,0.5176039,0.33955675,110.43879886687192,3.808781385421753,0.8044692737430168,0.8044692737430168,0.8100558659217877,0.8156424581005587,0.8156424581005587,0.7988826815642458,0.7597765363128491,0.8212290502793296,0.8061888268156423,37,27,0.8635408571428571
223,official_train,235,Chlorodibromoacetaldehyde,1.564862,79.215667,O=CC(Cl)(Br)Br,6,236.29,0.2754134720303945,2.1252055901076283,-0.8173009347798812,0.2511833088378557,2.173312780954083,0.25851998,-0.517497,73.4021297149185,0.6152918934822083,0.5083798882681564,0.5083798882681564,0.4972067039106145,0.5195530726256983,0.5195530726256983,0.5027932960893855,0.5307262569832403,0.1843575418994413,0.3742612290502793,115,81,0.3930254285714285
208,official_train,220,2-(4-Bromopyridin-2-YL)acetaldehyde,2.313795,110.13,O=CCc1cc(Br)ccn1,10,200.035,0.4576407103775006,2.963740013930896,-0.2944415116606583,0.391519622018332,2.8160974917725925,0.44261438,0.24454479,103.98261661566436,1.9294536113739016,0.7653631284916201,0.7262569832402235,0.6927374301675978,0.6927374301675978,0.7094972067039106,0.7318435754189944,0.7206703910614525,0.5307262569832403,0.6376572067039106,63,36,0.6743848571428571
196,official_train,207,(4-Bromophenyl)acetaldehyde,2.148244,117.057667,O=CCc1ccc(Br)cc1,10,199.04699999999997,0.3416513810543655,2.3420304344744425,-0.4566453303195311,0.3326037736371091,2.565551271749839,0.36590165,-0.20547768,112.04007138966708,1.8652323484420776,0.5865921787709497,0.5698324022346368,0.6033519553072626,0.5865921787709497,0.6312849162011173,0.6256983240223464,0.6312849162011173,0.5083798882681564,0.5694444692737429,74,25,0.6028517142857143
307,official_test,49,furfural,3.882,65.121095,O=Cc1ccco1,7,96.08499999999998,0.6594327964418656,4.047774523943643,0.5337039932468223,0.6543845315650106,3.8735666954997847,0.6735314,1.1148573,62.1237446813233,3.911316394805908,0.8547486033519553,0.8659217877094972,0.8715083798882681,0.8435754189944135,0.8435754189944135,0.8994413407821229,0.8435754189944135,0.8379888268156425,0.8554976536312848,29,107,0.9073388571428571
136,official_train,143,咪唑-2-甲醛,3.4264,65.038,O=Cc1ncc[nH]1,7,96.08899999999998,0.7159648624910802,4.6657935998847,0.8805463971932556,0.643972425090795,4.602698790444036,0.67918366,1.8238055,60.40610177618504,4.763802528381348,0.8994413407821229,0.9217877094972068,0.9217877094972068,0.8324022346368715,0.9217877094972068,0.905027932960894,0.9217877094972068,0.9217877094972068,0.9012860335195528,18,112,0.9551177142857142
197,official_train,208,(2-Bromoethyl)phosphonic acid,2.170805,77.110667,O=P(O)(O)CCBr,7,188.945,0.3403933751537472,2.521008286330192,-0.7564792393536997,0.2859775778110096,2.3724485461595166,0.34273887,-0.3895995,72.05632208788421,1.855122685432434,0.5810055865921788,0.6033519553072626,0.5195530726256983,0.5363128491620112,0.5642458100558659,0.6033519553072626,0.5642458100558659,0.5027932960893855,0.5429541899441341,79,87,0.5728617142857142
24,official_train,24,4-硝基吡啶,2.164,78.008,O=[N+]([O-])c1ccncc1,9,124.09899999999998,0.4030030342393646,3.035375663861097,-0.301519504551957,0.4667304463258382,2.8931037452669446,0.4800899,0.29978254,76.60429592778279,2.2863001823425293,0.6703910614525139,0.7541899441340782,0.6871508379888268,0.7597765363128491,0.7374301675977654,0.7821229050279329,0.7486033519553073,0.6424581005586593,0.7139146368715084,50,74,0.7548091428571428
149,official_train,157,碳酸亚乙烯酯(VC),4.8365,40.87,O=c1occo1,6,86.04599999999999,0.8167675303236404,4.68324477684227,0.939669947736647,0.8106552804771661,4.8022708488748425,0.8246805,1.9343102,41.63440907577848,4.4759135246276855,0.9441340782122905,0.9273743016759776,0.9273743016759776,0.9441340782122905,0.9273743016759776,0.9776536312849162,0.9329608938547486,0.905027932960894,0.9344969832402232,12,153,0.9766054285714285
170,official_train,178,Cyclopropanol,1.697,38.75751139,OC1CC1,4,58.07999999999999,0.180854831817166,1.796664040333554,-0.9466447878752308,0.1767017416570847,1.7999047796940817,0.20082812,-0.99099636,38.662952682039666,0.8445772528648376,0.2793296089385474,0.3016759776536313,0.4078212290502793,0.2849162011173184,0.3407821229050279,0.3687150837988827,0.3072625698324022,0.217877094972067,0.281094972067039,138,157,0.2925145714285714
185,official_train,195,c-hexanol,1.64,75.509,OC1CCCCC1,7,100.161,0.1723547543781548,1.8161011779533416,-0.891612151087056,0.225279472619107,1.8073283021979611,0.18240668,-0.9812107,71.56039974605937,0.7088903188705444,0.2458100558659217,0.3240223463687151,0.4525139664804469,0.4301675977653631,0.3631284916201117,0.3072625698324022,0.3184357541899441,0.2122905027932961,0.2910181005586592,136,89,0.30676714285714285
205,official_train,217,"2,2,2-Tribromoethanol",2.897346,88.826667,OCC(Br)(Br)Br,6,282.757,0.1711763356288044,1.7934018172772517,-0.9675471228115816,0.1424950945479575,1.7054729665084936,0.19310917,-1.0907187,82.81067597562229,1.4302746057510376,0.2290502793296089,0.2960893854748603,0.3910614525139664,0.2067039106145251,0.2793296089385474,0.3407821229050279,0.2513966480446927,0.3966480446927374,0.3280967597765363,126,61,0.326604
94,official_train,99,glycerol,3.33,53.868,OCC(O)CO,6,92.094,0.4376209904203897,2.7457840067026176,-0.1822644351541038,0.4369555802317477,3.0346850080706633,0.43580702,0.255412,49.86480897969825,2.1204283237457275,0.7318435754189944,0.6703910614525139,0.7430167597765364,0.7206703910614525,0.770949720670391,0.7206703910614525,0.7262569832402235,0.6089385474860335,0.6740435754189944,56,132,0.7087539999999999
213,official_train,225,2-Bromoethanol,1.739881,49.123,OCCBr,4,124.965,0.3957154760209382,2.8905795935633045,-0.2345023765046712,0.4102537023009572,2.8257594812456857,0.32052645,-0.064920954,46.201777183328936,2.9115591049194336,0.659217877094972,0.7094972067039106,0.7206703910614525,0.6983240223463687,0.7150837988826816,0.5810055865921788,0.6871508379888268,0.7430167597765364,0.6859490502793296,54,137,0.7304228571428572
127,official_train,132,乙二醇,0.0,34.783,OCCO,4,62.068000000000005,0.2866418976282557,2.1807545321691704,-0.787750351536944,0.3019120112486965,2.1794980621482676,0.2872489,-0.56032336,33.039250267497636,1.1869330406188965,0.5195530726256983,0.5195530726256983,0.5027932960893855,0.553072625698324,0.5251396648044693,0.547486033519553,0.5083798882681564,0.3184357541899441,0.4457389944134078,94,167,0.467412
69,official_train,74,Triethylene glycol,1.7928,93.414,OCCOCCOCCO,10,150.174,0.364454312528628,2.6207486596682132,-0.4896297007571348,0.3424631638960018,2.343166420407817,0.36950496,-0.32719633,91.05053574106404,2.582563877105713,0.6201117318435754,0.6536312849162011,0.5865921787709497,0.6256983240223464,0.5586592178770949,0.6424581005586593,0.5865921787709497,0.6759776536312849,0.6459001117318436,62,52,0.6851025714285714
217,official_train,229,4-Bromophenethyl alcohol,1.955816,118.746333,OCCc1ccc(Br)cc1,10,201.063,0.4525962437784495,2.991494057002478,-0.1950323985566067,0.4884797786397393,3.1408564339299727,0.37381905,0.4629042,112.2162879279601,2.59863805770874,0.7597765363128491,0.7486033519553073,0.7374301675977654,0.770949720670391,0.7877094972067039,0.6480446927374302,0.7821229050279329,0.6871508379888268,0.7054594413407821,51,24,0.7521211428571428
15,official_train,15,2-phenylethanol,1.45,98.959,OCCc1ccccc1,9,122.16699999999996,0.1807638661501417,1.8980287061065129,-0.9803034611232334,0.2022093240298229,1.811663438000815,0.19410604,-0.7648156,92.74577187776542,1.667992115020752,0.2737430167597765,0.4022346368715084,0.3687150837988827,0.3575418994413408,0.3687150837988827,0.3463687150837989,0.441340782122905,0.4636871508379888,0.4111376536312849,101,46,0.42329171428571427
5,official_train,5,1-(2-hydroxyethyl)imidazole,4.9617,75.686,OCCn1ccnc1,8,112.13199999999998,0.6295279394702961,3.5632243118543174,0.2599328393534051,0.5473002772586152,3.4800284278851015,0.51838195,0.54054916,72.82258409845048,4.037546157836914,0.8324022346368715,0.8156424581005587,0.8156424581005587,0.8044692737430168,0.8100558659217877,0.8044692737430168,0.8044692737430168,0.8491620111731844,0.8235023463687151,35,84,0.8837488571428571
74,official_train,79,benzyl alcohol,1.7,86.162,OCc1ccccc1,8,108.13999999999996,0.2278803351366068,2.025107796094992,-0.8618349008845749,0.2071081473940644,2.0985693852227896,0.23997295,-0.76554483,80.29207036756642,1.1948224306106567,0.441340782122905,0.4581005586592179,0.4748603351955307,0.3687150837988827,0.4916201117318435,0.4692737430167598,0.435754189944134,0.3240223463687151,0.3847897206703911,110,66,0.4010177142857142
21,official_train,21,3-甲醇吡啶,2.7899,78.649,OCc1cccnc1,8,109.128,0.3256533017613335,2.0434400604765406,-0.6550554728096113,0.3182719196353944,2.496254437543701,0.30319735,-0.40685287,75.5355128534735,1.8217447996139529,0.5586592178770949,0.4692737430167598,0.553072625698324,0.5698324022346368,0.6033519553072626,0.5698324022346368,0.5586592178770949,0.4916201117318435,0.5350938547486033,81,76,0.5628014285714286
261,official_test,3,3-羟基吡啶,1.2453,66.572,Oc1cccnc1,7,95.101,0.3451893989655391,2.447469665732949,-0.6303041956010914,0.3147900823809779,2.042018903442765,0.2947843,-0.7565351,63.76819197443373,2.626220226287842,0.5921787709497207,0.5865921787709497,0.5586592178770949,0.5642458100558659,0.4804469273743016,0.5586592178770949,0.4525139664804469,0.6927374301675978,0.6022341899441341,69,104,0.6372322857142856
81,official_train,86,carbon disulfide,0.0,54.002,S=C=S,3,76.14500000000001,-0.0429262286110244,-0.0155807421605085,-3.644026942022216,-0.0553089989353925,-0.2266654531063492,-0.0020309663,-2.9923325,43.03478609268792,0.0092736026272177,0.0055865921787709,0.0055865921787709,0.0055865921787709,0.0055865921787709,0.0055865921787709,0.0111731843575419,0.0055865921787709,0.0502793296089385,0.0260091620111731,179,147,0.02110942857142857
169,official_train,177,Cyclopentanethiol,1.913,76.89215469,SC1CCCC1,6,102.202,0.1745973056520812,1.8025884635871892,-1.1497595129381557,0.1838208716196989,1.68156174142396,0.17726739,-1.1296157,75.44508799602067,1.865866780281067,0.2513966480446927,0.3072625698324022,0.2458100558659217,0.3072625698324022,0.2625698324022346,0.2849162011173184,0.2346368715083799,0.5139664804469274,0.3794397765363129,113,77,0.39395571428571424
201,official_train,212,"1,2-Ethanedithiol",0.0,63.13237099,SCCS,4,94.204,0.1515043561646659,1.583958743380183,-1.3131617008434169,0.1314248339660652,1.508402370974912,0.13279872,-1.3097777,61.75047332916351,1.0462337732315063,0.1899441340782122,0.2122905027932961,0.1955307262569832,0.1731843575418994,0.217877094972067,0.1508379888268156,0.1899441340782122,0.2960893854748603,0.2221005586592178,145,109,0.217262
135,official_train,142,咪唑,1.7562,43.37,c1c[nH]cn1,5,68.079,0.5592153280599195,3.6089991515725512,0.3029034190461749,0.5577942735641086,3.4137062428004823,0.59545857,0.7578498,45.486235368453826,3.668113231658935,0.8100558659217877,0.8212290502793296,0.8212290502793296,0.8100558659217877,0.8044692737430168,0.8324022346368715,0.8156424581005587,0.8044692737430168,0.8141448044692737,36,142,0.871178
133,official_train,138,吡咯,1.8811,51.8,c1cc[nH]c1,5,67.091,0.2175422137605007,1.9855603675806677,-0.6742507411071643,0.2226364307200044,2.070820859891204,0.24116561,-0.5459171,49.99766468170677,2.047929286956787,0.4078212290502793,0.441340782122905,0.5363128491620112,0.4189944134078212,0.4860335195530726,0.4748603351955307,0.5139664804469274,0.5810055865921788,0.5152243575418995,87,131,0.5359297142857142
73,official_train,78,benzene,0.0,68.072,c1ccccc1,6,78.11399999999999,0.0143087213739419,0.1849447944678925,-3.255424682849298,0.0275640118248268,0.1640652075327895,0.025858978,-2.5504694,65.51151161914376,2.742912693065591e-05,0.0614525139664804,0.0167597765363128,0.0223463687150838,0.0335195530726257,0.0223463687150838,0.0391061452513966,0.0558659217877094,0.0055865921787709,0.0260596648044692,178,101,0.03006771428571428
134,official_train,139,吡啶,2.366,61.032,c1ccncc1,6,79.10199999999998,0.2548344846232422,2.0890775571973705,-0.6670618977963635,0.2235432783016144,2.15115802519108,0.24793448,-0.62489635,60.59991236188876,2.326120615005493,0.4916201117318435,0.4804469273743016,0.5418994413407822,0.4245810055865922,0.5139664804469274,0.4804469273743016,0.4972067039106145,0.6480446927374302,0.5439705027932961,78,111,0.5696414285714285
93,official_train,98,furan,0.67,47.838,c1ccoc1,5,68.07499999999999,0.0931690750188514,0.980591368190963,-1.8058960922840068,0.1081101361255755,1.0222440433844866,0.13352899,-1.6880509,46.038655541997905,0.6183830499649048,0.1284916201117318,0.0949720670391061,0.1173184357541899,0.1284916201117318,0.106145251396648,0.1620111731843575,0.106145251396648,0.1899441340782122,0.1600931843575418,153,140,0.16023542857142856
